,BMI,,,FWD,,,EGGF,,,EGGP,,,TOD,,,STAI,,,LM,,,LFP,,,HFP,,,RAT,,,STDEGG,,,
areasNames,bf,t,p,bf,t,p,bf,t,p,bf,t,p,bf,t,p,bf,t,p,bf,t,p,bf,t,p,bf,t,p,bf,t,p,bf,t,p,
'L_V1_ROI',"1,149","2,155","0,035","1,812","1,278","0,206","9,846","0,188","0,851","1,481","-1,733","0,088","10,887","0,604","0,548","8,915","-0,648","0,519","8,494","-0,256","0,799","6,822","-0,429","0,670","5,614","-0,256","0,799","1,491","3,508","0,001","8,754","-0,106","0,916","1,000"
'L_V6_ROI',"1,945","1,622","0,110","0,626","1,655","0,103","7,224","-0,090","0,928","7,087","-0,274","0,785","3,714","-0,762","0,449","5,106","0,863","0,392","10,138","-0,775","0,442","5,675","-1,009","0,318","4,189","-0,775","0,442","7,424","0,222","0,826","0,750","1,610","0,113","2,000"
'L_V2_ROI',"1,788","2,582","0,012","1,589","1,283","0,204","6,505","-0,178","0,859","1,715","-1,796","0,077","6,601","-0,366","0,716","8,220","-0,279","0,781","9,657","-1,060","0,294","7,301","-0,685","0,496","6,351","-1,060","0,294","2,465","2,805","0,007","5,275","0,355","0,724","3,000"
'L_V3_ROI',"2,926","1,728","0,089","2,036","0,979","0,331","10,365","0,304","0,762","3,421","-1,319","0,192","3,303","-1,016","0,314","6,734","0,542","0,590","11,762","-1,537","0,131","7,218","-0,021","0,984","7,201","-1,537","0,131","4,103","2,437","0,018","5,016","0,380","0,705","4,000"
'L_V4_ROI',"6,554","1,293","0,201","0,813","1,653","0,103","2,443","-0,893","0,375","3,257","-1,578","0,120","2,804","-0,908","0,367","7,736","-0,203","0,840","3,606","0,834","0,408","6,938","-0,318","0,752","7,029","0,834","0,408","6,405","1,273","0,209","3,290","0,668","0,507","5,000"
'L_V8_ROI',"8,078","1,202","0,234","1,768","1,722","0,090","3,765","-0,776","0,441","5,622","-1,228","0,224","11,124","0,506","0,615","7,356","-0,717","0,476","6,030","0,586","0,560","5,319","-1,053","0,298","4,620","0,586","0,560","7,688","0,642","0,524","6,464","0,257","0,798","6,000"
'L_4_ROI',"8,023","-0,107","0,915","5,056","0,530","0,598","8,743","0,113","0,910","7,858","0,745","0,459","1,110","-1,634","0,107","6,681","-0,623","0,536","7,441","-0,399","0,691","6,036","-0,710","0,481","6,961","-0,399","0,691","1,488","1,916","0,061","9,128","-0,620","0,538","7,000"
'L_3b_ROI',"8,509","-0,195","0,846","5,957","0,411","0,683","11,292","0,873","0,386","8,128","0,616","0,540","0,594","-1,921","0,059","7,826","-0,265","0,792","8,433","-0,901","0,372","7,187","-0,217","0,829","7,332","-0,901","0,372","0,579","2,698","0,009","11,268","-0,666","0,508","8,000"
'L_FEF_ROI',"8,102","0,468","0,642","7,805","0,760","0,450","7,769","0,571","0,570","6,024","-0,705","0,483","7,973","-0,012","0,990","4,650","-0,844","0,402","7,105","-0,107","0,915","3,360","-1,222","0,227","2,704","-0,107","0,915","4,912","1,491","0,142","6,525","-0,479","0,634","9,000"
'L_55b_ROI',"7,855","-0,162","0,872","5,549","0,607","0,546","0,665","-2,131","0,037","5,662","-0,601","0,550","0,188","-2,429","0,018","4,336","0,949","0,347","7,257","-0,148","0,883","7,210","-0,007","0,995","7,140","-0,148","0,883","3,424","1,657","0,104","1,762","1,260","0,212","10,000"
'L_V3A_ROI',"2,143","1,571","0,121","4,195","0,692","0,492","4,009","-0,699","0,487","1,084","-1,902","0,062","8,407","0,059","0,953","8,001","-0,239","0,812","7,227","-0,006","0,996","7,222","-0,245","0,807","7,139","-0,006","0,996","3,594","1,358","0,181","1,098","1,385","0,171","11,000"
'L_RSC_ROI',"11,473","-0,536","0,594","3,430","0,747","0,458","8,607","0,095","0,925","7,416","-0,133","0,895","8,615","0,376","0,708","6,126","0,530","0,598","9,129","-0,554","0,582","7,008","0,134","0,894","6,134","-0,554","0,582","3,554","1,175","0,246","14,992","-1,135","0,261","12,000"
'L_POS2_ROI',"8,951","-0,502","0,617","4,780","0,994","0,324","2,754","-1,083","0,283","8,100","0,343","0,733","8,660","1,298","0,199","5,946","0,404","0,688","8,444","-0,453","0,652","1,992","1,974","0,054","0,799","-0,453","0,652","5,407","1,550","0,127","7,601","0,314","0,755","13,000"
'L_V7_ROI',"5,252","0,792","0,431","1,316","1,286","0,203","4,858","-0,768","0,445","2,451","-1,356","0,180","8,551","0,207","0,836","7,695","-0,203","0,840","6,912","0,101","0,920","7,234","0,029","0,977","6,630","0,101","0,920","1,769","2,069","0,044","3,135","1,289","0,202","14,000"
'L_IPS1_ROI',"3,288","1,327","0,190","0,080","2,528","0,014","5,779","-0,413","0,681","4,637","-0,889","0,378","8,975","0,230","0,819","6,734","0,345","0,731","6,370","0,228","0,821","6,931","-0,403","0,689","6,755","0,228","0,821","1,093","2,454","0,018","7,909","0,004","0,997","15,000"
'L_FFC_ROI',"7,610","0,282","0,779","0,157","3,093","0,003","9,376","0,379","0,706","3,297","-1,130","0,263","2,068","-1,300","0,199","8,366","-0,219","0,828","7,646","0,329","0,744","4,575","-0,955","0,344","5,772","0,329","0,744","0,239","3,676","0,00058","2,001","1,416","0,162","16,000"
'L_V3B_ROI',"6,865","0,231","0,818","0,455","1,847","0,070","2,497","-1,191","0,238","2,137","-1,632","0,108","7,314","-0,349","0,729","6,292","-0,816","0,418","4,547","0,519","0,606","7,180","-0,075","0,941","6,920","0,519","0,606","4,905","2,011","0,050","0,410","2,246","0,028","17,000"
'L_A1_ROI',"3,449","1,091","0,280","1,507","1,105","0,273","10,031","0,231","0,818","6,475","-0,447","0,656","5,121","-0,433","0,666","5,251","0,835","0,407","10,310","-0,461","0,647","7,159","0,063","0,950","6,701","-0,461","0,647","2,007","2,228","0,030","2,507","0,780","0,439","18,000"
'L_PSL_ROI',"4,992","0,817","0,417","3,058","1,191","0,238","8,480","0,150","0,881","7,226","0,604","0,548","5,154","-0,720","0,474","6,338","-0,643","0,523","6,306","0,345","0,732","4,429","-1,099","0,277","5,262","0,345","0,732","1,846","1,715","0,093","9,514","-0,706","0,483","19,000"
'L_SFL_ROI',"1,346","1,654","0,103","8,015","-0,017","0,986","0,248","-2,180","0,033","4,649","-0,789","0,433","8,171","0,314","0,754","7,596","0,093","0,926","9,328","-0,469","0,641","4,847","-0,967","0,338","7,353","-0,469","0,641","4,832","1,021","0,312","7,679","0,119","0,905","20,000"
'L_PCV_ROI',"7,469","0,419","0,677","2,120","1,642","0,106","1,864","-1,330","0,189","7,684","-0,287","0,775","10,545","0,736","0,465","5,366","-1,342","0,185","4,345","1,114","0,271","6,262","0,615","0,541","6,755","1,114","0,271","2,325","1,680","0,099","4,306","0,737","0,464","21,000"
'L_7Pm_ROI',"8,139","-0,154","0,878","5,675","0,679","0,500","0,448","-1,955","0,055","7,100","0,584","0,561","10,885","1,201","0,235","7,619","0,031","0,975","7,577","-0,313","0,755","7,197","0,104","0,918","6,351","-0,313","0,755","5,322","-0,582","0,563","2,061","1,196","0,236","22,000"
'L_7m_ROI',"7,494","0,211","0,834","7,262","2,492","0,015","7,157","0,507","0,614","6,047","-0,714","0,478","3,774","1,053","0,297","7,554","-0,293","0,771","6,100","-0,581","0,564","5,544","0,701","0,487","3,635","-0,581","0,564","7,080","0,490","0,626","7,348","-0,134","0,894","23,000"
'L_POS1_ROI',"7,994","-0,344","0,732","4,548","0,710","0,480","5,646","-0,465","0,643","7,925","-0,004","0,997","7,547","-0,095","0,924","7,604","0,083","0,934","7,530","-0,367","0,715","6,826","-0,295","0,769","6,855","-0,367","0,715","7,306","0,139","0,890","13,231","-1,042","0,302","24,000"
'L_23d_ROI',"4,062","0,994","0,324","3,740","0,952","0,345","3,639","-0,827","0,412","7,887","0,058","0,954","3,701","-1,056","0,295","7,276","0,176","0,861","5,836","0,274","0,785","7,188","0,017","0,987","6,731","0,274","0,785","1,520","2,334","0,024","7,263","0,218","0,828","25,000"
'L_v23ab_ROI',"9,867","-1,046","0,300","5,831","0,787","0,434","4,446","-0,915","0,364","4,142","-0,996","0,323","7,320","0,461","0,647","7,040","0,463","0,645","7,502","-0,325","0,746","4,090","1,011","0,317","2,918","-0,325","0,746","6,004","0,526","0,601","7,863","-0,680","0,499","26,000"
'L_d23ab_ROI',"15,146","-1,443","0,154","5,869","0,395","0,695","7,196","-0,149","0,882","7,422","-0,270","0,788","7,093","0,915","0,364","8,563","-0,296","0,769","8,906","-0,321","0,750","7,088","0,082","0,935","5,138","-0,321","0,750","2,757","1,677","0,100","8,189","-0,157","0,876","27,000"
'L_31pv_ROI',"7,804","0,157","0,876","1,763","1,580","0,119","8,788","0,314","0,754","4,693","-1,046","0,300","6,439","-0,480","0,633","8,045","-0,198","0,844","6,452","0,299","0,766","7,069","-0,366","0,716","6,967","0,299","0,766","2,665","1,705","0,094","8,597","-0,235","0,815","28,000"
'L_5m_ROI',"4,776","0,539","0,592","1,705","1,258","0,213","4,838","-1,052","0,297","6,958","-0,485","0,630","3,043","-1,131","0,262","7,752","-0,197","0,844","5,812","-1,035","0,306","6,501","-0,456","0,650","6,409","-1,035","0,306","2,245","1,662","0,103","4,751","1,372","0,175","29,000"
'L_5mv_ROI',"8,252","-0,110","0,913","1,764","1,697","0,095","6,963","-0,664","0,509","8,039","0,037","0,970","7,627","0,503","0,617","7,745","0,007","0,994","5,378","-0,470","0,640","5,421","1,088","0,282","6,169","-0,470","0,640","1,404","2,047","0,046","5,681","0,966","0,338","30,000"
'L_23c_ROI',"2,796","1,074","0,287","1,610","1,227","0,225","5,339","-0,811","0,421","8,002","0,029","0,977","1,758","-1,362","0,178","7,689","0,036","0,971","6,998","-0,517","0,607","5,626","0,750","0,457","6,399","-0,517","0,607","0,073","3,098","0,00319","8,087","-0,140","0,889","31,000"
'L_5L_ROI',"3,157","1,057","0,295","0,594","1,610","0,113","5,072","-0,600","0,551","4,531","-0,962","0,340","6,448","-0,337","0,737","7,649","0,198","0,843","8,182","-0,288","0,774","7,053","0,152","0,880","7,109","-0,288","0,774","4,964","0,902","0,371","3,591","0,954","0,344","32,000"
'L_24dd_ROI',"8,022","-0,035","0,972","1,866","1,331","0,188","3,425","-0,989","0,327","7,966","0,849","0,399","3,727","-0,984","0,329","6,919","0,394","0,695","6,890","-0,544","0,589","7,187","-0,118","0,907","7,208","-0,544","0,589","5,132","0,744","0,461","6,425","0,356","0,723","33,000"
'L_24dv_ROI',"4,091","1,322","0,191","8,207","-0,034","0,973","6,542","-0,738","0,463","7,773","0,234","0,816","8,330","-0,869","0,388","8,997","0,427","0,671","6,189","0,307","0,760","6,665","-0,361","0,720","6,814","0,307","0,760","7,088","-0,239","0,812","6,182","0,523","0,603","34,000"
'L_7AL_ROI',"7,103","0,291","0,772","6,767","0,250","0,804","6,196","-0,581","0,563","6,046","-0,701","0,486","4,462","-0,801","0,426","7,571","0,375","0,709","7,563","-0,405","0,687","3,425","-1,341","0,186","2,208","-0,405","0,687","1,081","2,053","0,045","2,946","1,621","0,110","35,000"
'L_SCEF_ROI',"0,989","1,677","0,099","9,231","-0,581","0,564","1,131","-1,728","0,089","7,162","0,754","0,454","0,625","-2,042","0,046","3,560","1,162","0,250","8,444","-0,755","0,454","7,234","-0,044","0,965","7,040","-0,755","0,454","3,675","1,321","0,193","7,641","0,153","0,879","36,000"
'L_6ma_ROI',"2,828","1,264","0,211","5,634","1,095","0,278","7,151","0,349","0,728","7,780","0,250","0,804","7,283","0,484","0,630","6,827","-0,404","0,688","7,396","0,469","0,641","7,211","-0,026","0,979","7,072","0,469","0,641","0,809","1,928","0,060","1,744","-1,454","0,151","37,000"
'L_7Am_ROI',"7,365","0,239","0,812","3,371","1,715","0,091","1,075","-1,990","0,051","7,871","-0,078","0,938","9,155","0,508","0,613","4,793","-1,232","0,223","5,185","1,344","0,185","6,061","0,738","0,464","6,440","1,344","0,185","4,334","1,125","0,266","3,883","1,004","0,319","38,000"
'L_7PL_ROI',"4,810","0,886","0,379","3,831","0,979","0,332","1,763","-1,736","0,088","5,534","1,597","0,115","4,153","-0,908","0,368","7,727","0,080","0,937","7,256","-0,018","0,986","6,483","-0,469","0,641","6,234","-0,018","0,986","2,322","1,620","0,112","7,532","0,317","0,753","39,000"
'L_7PC_ROI',"4,648","0,728","0,469","3,631","0,783","0,437","4,969","-0,776","0,441","7,314","0,469","0,641","6,091","-0,345","0,731","5,333","0,794","0,431","2,196","-3,140","0,003","3,649","-1,356","0,181","1,804","-3,140","0,003","1,134","1,972","0,054","5,351","0,934","0,354","40,000"
'L_VIP_ROI',"1,273","1,632","0,108","2,398","1,072","0,288","4,639","-0,861","0,393","8,214","0,109","0,913","6,303","-0,328","0,744","5,376","0,990","0,326","7,050","0,133","0,895","5,285","-0,945","0,349","4,523","0,133","0,895","0,220","2,771","0,00783","3,004","1,380","0,173","41,000"
'L_MIP_ROI',"7,445","0,136","0,892","2,269","1,359","0,179","4,860","-0,671","0,505","6,914","1,319","0,192","4,675","-0,888","0,378","7,656","0,120","0,905","7,372","-0,036","0,971","7,198","-0,057","0,955","7,084","-0,036","0,971","3,603","1,647","0,106","7,751","-0,455","0,651","42,000"
'L_1_ROI',"9,468","-1,007","0,318","1,875","1,337","0,186","8,490","0,127","0,899","8,070","0,231","0,818","3,603","-0,790","0,433","6,900","-1,271","0,209","6,476","-1,006","0,319","5,700","0,893","0,376","7,021","-1,006","0,319","0,062","3,628","0,00067","6,175","0,245","0,807","43,000"
'L_2_ROI',"8,041","-0,188","0,851","3,515","0,789","0,433","10,487","1,182","0,242","8,039","0,210","0,834","4,116","-1,061","0,293","8,591","-0,644","0,522","4,447","-1,237","0,222","6,978","-0,408","0,685","6,314","-1,237","0,222","0,432","2,637","0,011","5,672","0,728","0,469","44,000"
'L_3a_ROI',"5,410","0,840","0,404","3,379","0,839","0,404","19,549","1,742","0,086","7,616","-0,192","0,849","0,751","-1,875","0,066","5,849","-0,972","0,335","10,160","-0,672","0,505","5,775","-0,860","0,394","5,523","-0,672","0,505","5,093","1,306","0,198","10,418","-0,267","0,791","45,000"
'L_6d_ROI',"4,897","-1,268","0,210","7,753","0,355","0,724","6,781","-0,280","0,781","5,890","1,030","0,307","7,861","-0,129","0,897","6,836","-0,568","0,572","3,017","-1,158","0,252","6,995","-0,207","0,837","6,994","-1,158","0,252","2,235","1,769","0,083","8,000","-0,050","0,960","46,000"
'L_6mp_ROI',"4,733","0,631","0,530","4,934","0,644","0,522","7,984","0,495","0,622","6,478","0,889","0,377","0,980","-1,888","0,064","4,065","-1,055","0,296","7,555","0,295","0,769","5,609","-0,716","0,478","5,553","0,295","0,769","0,786","2,239","0,030","6,931","0,308","0,759","47,000"
'L_6v_ROI',"6,784","0,372","0,711","7,901","-0,234","0,816","6,080","-0,411","0,683","8,641","0,505","0,615","3,347","-0,930","0,356","8,429","-0,132","0,895","6,993","-0,222","0,825","6,507","-0,527","0,600","7,112","-0,222","0,825","0,906","2,148","0,037","8,148","-0,085","0,932","48,000"
'L_p24pr_ROI',"2,984","1,027","0,308","1,424","1,394","0,168","3,874","-1,091","0,280","7,751","-0,079","0,937","2,027","-1,483","0,143","6,623","0,412","0,682","6,806","0,132","0,896","6,734","0,333","0,740","6,051","0,132","0,896","0,480","2,707","0,009","7,150","0,219","0,827","49,000"
'L_p32pr_ROI',"1,300","1,924","0,059","7,836","-0,309","0,758","7,636","0,133","0,895","5,851","-0,719","0,475","7,612","-0,566","0,574","8,147","0,222","0,825","4,617","-0,883","0,381","4,659","-0,908","0,368","4,335","-0,883","0,381","7,300","-0,096","0,924","6,187","-0,471","0,640","50,000"
'L_8BM_ROI',"4,570","1,243","0,219","2,060","1,090","0,280","0,783","-1,807","0,076","7,736","0,131","0,896","14,672","0,868","0,389","7,807","0,190","0,850","5,551","0,315","0,754","7,262","-0,430","0,669","7,575","0,315","0,754","6,807","1,017","0,314","0,999","1,630","0,108","51,000"
'L_p32_ROI',"4,131","-1,199","0,235","2,196","-1,604","0,114","0,456","-2,311","0,024","6,688","0,250","0,804","7,357","-0,488","0,627","5,840","0,821","0,415","5,313","-0,751","0,456","5,395","-0,760","0,451","7,248","-0,751","0,456","5,785","-1,063","0,293","3,491","1,549","0,127","52,000"
'L_10r_ROI',"3,952","-1,528","0,132","5,784","-0,883","0,381","5,898","-0,725","0,472","7,640","0,424","0,673","7,926","0,006","0,996","7,751","0,014","0,989","7,290","-0,148","0,883","6,887","0,269","0,789","5,949","-0,148","0,883","7,992","-0,505","0,616","3,789","-1,146","0,256","53,000"
'L_9m_ROI',"8,013","-0,833","0,408","7,960","-0,071","0,944","7,668","-0,104","0,918","4,070","1,275","0,207","3,267","0,994","0,324","5,171","0,590","0,558","7,608","-0,178","0,859","7,023","0,109","0,914","6,180","-0,178","0,859","2,397","1,664","0,102","4,496","-1,020","0,312","54,000"
'L_10d_ROI',"4,492","-1,697","0,095","7,991","-0,079","0,937","4,584","-0,646","0,521","3,921","1,210","0,231","7,975","-0,013","0,989","7,911","-0,079","0,937","9,357","-0,669","0,507","2,919","1,097","0,278","0,790","-0,669","0,507","7,385","0,196","0,846","2,528","-1,424","0,160","55,000"
'L_6r_ROI',"0,584","2,008","0,049","2,717","1,174","0,245","8,715","0,559","0,578","7,991","0,178","0,859","1,894","-1,827","0,073","7,135","-0,721","0,474","6,914","0,149","0,882","4,737","-1,094","0,279","3,811","0,149","0,882","4,268","0,911","0,367","2,679","1,866","0,067","56,000"
'L_a9-46v_ROI',"7,008","0,361","0,719","4,225","0,740","0,462","2,467","-1,202","0,234","5,769","-0,672","0,504","9,137","1,224","0,226","6,032","0,597","0,553","7,665","-0,455","0,651","2,526","1,396","0,169","2,821","-0,455","0,651","2,004","1,807","0,077","3,656","0,915","0,364","57,000"
'L_9-46d_ROI',"8,594","-0,400","0,691","4,116","1,029","0,308","8,328","0,358","0,722","6,699","0,687","0,494","9,013","0,873","0,386","2,205","1,524","0,133","5,331","-1,273","0,209","6,192","0,463","0,645","5,570","-1,273","0,209","3,965","1,093","0,280","10,037","-0,501","0,618","58,000"
'L_10v_ROI',"7,764","-2,015","0,048","6,333","0,495","0,622","7,339","0,349","0,728","7,236","0,680","0,499","8,094","-0,212","0,833","7,537","0,084","0,934","7,471","-0,261","0,796","3,312","1,607","0,114","1,551","-0,261","0,796","5,651","0,842","0,404","0,711","-2,086","0,041","59,000"
'L_a10p_ROI',"3,393","-0,998","0,322","2,927","-1,527","0,132","7,772","-0,106","0,916","8,002","-0,133","0,895","7,781","0,199","0,843","7,568","-0,147","0,884","1,528","-1,769","0,083","0,100","2,693","0,010","0,040","-1,769","0,083","1,575","1,806","0,077","4,480","-0,870","0,388","60,000"
'L_10pp_ROI',"3,490","-1,394","0,168","7,983","0,455","0,651","7,862","0,786","0,435","7,860","0,228","0,820","5,638","-0,923","0,359","3,394","-1,250","0,216","2,026","-1,646","0,106","7,045","0,268","0,790","7,195","-1,646","0,106","6,929","0,286","0,776","5,894","-1,355","0,180","61,000"
'L_11l_ROI',"5,038","-1,086","0,282","7,807","0,150","0,881","5,111","1,076","0,286","7,936","-0,002","0,999","8,014","0,039","0,969","7,247","-0,378","0,707","0,949","-1,774","0,082","0,827","2,051","0,045","1,599","-1,774","0,082","1,513","1,737","0,088","0,658","-2,173","0,034","62,000"
'L_6a_ROI',"7,300","-0,349","0,728","4,450","1,187","0,240","4,238","-1,440","0,155","5,960","0,800","0,427","6,441","-0,452","0,653","1,956","1,749","0,086","6,228","-0,255","0,800","7,009","0,255","0,800","6,039","-0,255","0,800","0,875","1,746","0,087","6,899","1,196","0,236","63,000"
'L_i6-8_ROI',"7,319","-0,174","0,863","1,774","2,024","0,047","7,227","-0,287","0,775","7,055","-0,310","0,758","7,953","0,047","0,962","7,124","-0,410","0,683","4,679","-0,844","0,403","4,716","-0,871","0,388","4,864","-0,844","0,403","0,707","2,334","0,024","1,773","2,402","0,019","64,000"
'L_43_ROI',"2,390","0,949","0,346","8,264","-0,049","0,961","9,000","0,200","0,843","8,302","0,143","0,887","0,663","-1,885","0,064","5,591","0,842","0,403","9,664","-1,544","0,129","5,740","0,738","0,464","4,509","-1,544","0,129","5,774","0,974","0,335","8,856","-0,145","0,886","65,000"
'L_OP4_ROI',"4,351","1,504","0,138","7,003","0,504","0,616","7,819","0,886","0,379","6,666","-0,514","0,609","7,399","-0,213","0,832","7,741","0,004","0,996","6,842","0,297","0,768","6,506","-0,619","0,538","7,767","0,297","0,768","2,411","1,891","0,064","7,383","-0,351","0,727","66,000"
'L_OP1_ROI',"7,818","0,028","0,978","2,740","0,830","0,410","11,406","0,627","0,533","3,579","1,757","0,084","7,060","-0,204","0,839","7,514","-0,368","0,715","7,423","-0,063","0,950","7,139","-0,207","0,837","6,972","-0,063","0,950","5,493","0,961","0,341","17,247","-2,240","0,029","67,000"
'L_OP2-3_ROI',"5,321","0,817","0,417","0,478","1,610","0,113","2,890","-0,837","0,406","7,838","-0,042","0,967","5,946","-0,326","0,746","8,248","-0,210","0,834","6,958","0,080","0,936","6,227","-0,691","0,493","5,768","0,080","0,936","6,229","1,128","0,265","11,530","-0,371","0,712","68,000"
'L_52_ROI',"7,536","0,194","0,847","2,460","0,995","0,324","8,748","0,126","0,900","6,044","1,320","0,192","11,917","0,668","0,506","8,186","-0,414","0,680","3,979","0,750","0,457","7,058","-0,714","0,479","7,229","0,750","0,457","7,108","-0,207","0,837","4,159","0,777","0,440","69,000"
'L_RI_ROI',"4,559","0,603","0,549","1,034","1,190","0,239","6,780","-0,204","0,839","5,007","-0,679","0,500","7,608","-0,063","0,950","7,781","-0,043","0,966","7,483","-0,071","0,944","4,829","1,225","0,226","5,202","-0,071","0,944","1,612","2,171","0,035","15,742","-1,246","0,218","70,000"
'L_PFcm_ROI',"4,354","0,834","0,408","6,658","0,222","0,825","7,498","-0,095","0,924","5,258","-0,683","0,497","6,638","-0,464","0,644","7,732","-0,097","0,923","5,839","0,327","0,745","7,213","-0,119","0,906","7,061","0,327","0,745","2,748","2,271","0,028","10,200","-0,700","0,487","71,000"
'L_PoI2_ROI',"8,804","-0,502","0,618","0,013","2,672","0,010","6,219","-0,269","0,789","7,968","0,023","0,982","1,138","-1,784","0,079","8,037","-0,172","0,864","0,802","1,906","0,062","3,820","1,189","0,240","4,289","1,906","0,062","6,767","0,568","0,572","7,827","0,015","0,988","72,000"
'L_TA2_ROI',"8,303","-0,147","0,884","7,333","0,142","0,887","4,977","1,738","0,087","6,356","1,019","0,312","7,083","-0,228","0,821","4,171","-1,194","0,237","6,623","0,362","0,719","5,394","-0,801","0,427","5,131","0,362","0,719","1,482","1,866","0,068","8,423","-0,624","0,535","73,000"
'L_AVI_ROI',"7,352","0,603","0,548","2,110","1,437","0,156","9,574","0,295","0,769","7,347","-0,349","0,729","9,070","1,017","0,313","5,292","-1,371","0,176","2,415","1,254","0,216","5,037","-1,262","0,213","4,062","1,254","0,216","7,445","-0,442","0,660","3,929","0,731","0,467","74,000"
'L_FOP1_ROI',"1,276","1,566","0,122","7,289","0,117","0,907","7,636","0,904","0,369","7,746","-0,180","0,857","3,586","-1,162","0,250","5,838","-0,783","0,437","7,583","-0,173","0,864","2,959","-1,447","0,154","2,695","-0,173","0,864","4,655","0,861","0,393","3,796","1,320","0,192","75,000"
'L_FOP2_ROI',"10,647","-1,205","0,233","6,108","0,470","0,640","6,268","-0,870","0,388","8,657","0,775","0,441","0,733","-2,317","0,024","7,998","0,275","0,784","7,486","-0,434","0,666","5,048","1,239","0,221","4,459","-0,434","0,666","6,625","-0,303","0,763","7,630","0,231","0,818","76,000"
'L_PFt_ROI',"4,963","0,870","0,388","2,596","1,507","0,137","8,025","0,446","0,657","7,954","0,419","0,677","5,591","1,056","0,295","6,829","-0,487","0,628","6,013","0,699","0,488","6,361","-0,531","0,598","5,730","0,699","0,488","2,384","1,470","0,148","7,867","-0,262","0,794","77,000"
'L_ProS_ROI',"6,036","0,683","0,497","1,002","1,580","0,119","0,874","-1,526","0,132","2,459","-1,510","0,136","9,897","0,420","0,676","7,007","0,300","0,765","5,910","0,257","0,798","5,279","0,840","0,405","4,404","0,257","0,798","6,739","0,676","0,502","4,023","0,535","0,595","78,000"
'L_PBelt_ROI',"6,015","0,502","0,617","2,477","1,090","0,280","2,520","-0,956","0,343","8,239","0,118","0,906","5,855","-0,438","0,663","4,441","0,770","0,445","11,744","-0,454","0,652","7,393","-0,241","0,810","6,941","-0,454","0,652","5,804","1,210","0,232","2,121","1,265","0,211","79,000"
'L_A5_ROI',"6,393","0,295","0,769","3,302","0,705","0,483","5,866","-0,376","0,709","7,387","-0,163","0,871","5,644","-0,365","0,716","7,631","0,062","0,951","6,273","0,366","0,716","6,294","0,567","0,573","6,500","0,366","0,716","1,168","2,366","0,022","8,540","-0,084","0,933","80,000"
'L_PHA3_ROI',"1,767","1,650","0,104","0,064","2,779","0,007","4,691","-1,350","0,182","7,708","-0,134","0,894","7,756","-0,026","0,979","1,884","-1,811","0,075","0,825","1,935","0,059","6,944","-0,319","0,751","7,260","1,935","0,059","3,640","0,727","0,471","1,810","1,574","0,121","81,000"
'L_STSda_ROI',"8,109","-0,115","0,908","5,857","0,342","0,734","2,377","-1,036","0,304","7,025","-0,330","0,743","9,354","0,264","0,792","5,509","0,966","0,338","8,021","-0,376","0,708","7,237","-0,056","0,956","7,180","-0,376","0,708","4,628","1,112","0,271","0,323","2,076","0,042","82,000"
'L_TE1a_ROI',"5,750","0,814","0,419","7,206","-0,290","0,773","9,557","0,233","0,816","8,083","0,115","0,909","7,078","0,426","0,672","5,867","0,612","0,543","4,430","0,467","0,643","7,156","-0,299","0,766","6,971","0,467","0,643","9,576","1,019","0,313","8,229","-0,335","0,738","83,000"
'L_TPOJ1_ROI',"10,621","0,664","0,509","1,068","2,203","0,031","7,375","0,179","0,858","7,728","-0,165","0,870","0,092","-2,586","0,012","7,829","0,487","0,628","0,643","2,488","0,016","5,029","-0,935","0,354","5,266","2,488","0,016","5,872","0,460","0,647","5,128","0,734","0,466","84,000"
'L_DVT_ROI',"7,742","0,150","0,881","0,288","2,100","0,040","4,054","-0,529","0,599","7,451","-0,117","0,907","1,837","-1,192","0,238","3,697","0,997","0,323","10,667","-0,979","0,332","7,005","-0,357","0,722","6,818","-0,979","0,332","7,205","-0,003","0,998","3,377","0,584","0,561","85,000"
'L_IP0_ROI',"6,327","0,849","0,399","0,239","2,484","0,016","8,435","0,109","0,914","1,382","-1,977","0,053","7,766","0,808","0,422","6,304","-0,764","0,448","3,452","0,943","0,350","6,450","-0,628","0,533","6,573","0,943","0,350","2,376","2,078","0,043","3,109","0,932","0,355","86,000"
'L_PFop_ROI',"3,009","1,384","0,171","8,652","-0,278","0,782","9,439","0,854","0,396","7,178","-0,431","0,668","7,929","-0,014","0,989","7,413","-0,250","0,804","7,258","-0,028","0,978","4,497","-1,075","0,287","3,603","-0,028","0,978","1,442","2,460","0,017","7,909","-0,967","0,337","87,000"
'L_PF_ROI',"8,003","-0,847","0,400","9,899","-0,358","0,722","7,667","-0,306","0,760","7,654","-0,618","0,539","8,185","0,187","0,852","5,378","-0,714","0,478","5,870","0,288","0,775","2,331","-1,660","0,103","2,517","0,288","0,775","4,329","1,421","0,162","6,497","0,642","0,523","88,000"
'L_V6A_ROI',"6,667","0,234","0,816","1,973","1,328","0,189","14,238","1,084","0,283","1,067","-1,853","0,069","7,787","-0,018","0,985","9,010","-0,683","0,497","5,850","0,308","0,759","7,205","0,054","0,957","6,806","0,308","0,759","4,589","1,036","0,305","10,683","-0,853","0,397","89,000"
'L_VMV1_ROI',"7,407","0,367","0,715","1,329","1,687","0,097","9,808","0,211","0,833","8,614","0,565","0,574","11,569","0,426","0,672","8,454","-0,554","0,582","7,205","0,004","0,996","7,055","0,251","0,803","6,718","0,004","0,996","6,138","-0,571","0,571","13,597","-0,577","0,566","90,000"
'L_VMV3_ROI',"6,356","0,609","0,545","0,339","2,159","0,035","12,273","0,735","0,465","5,135","-0,873","0,386","6,998","-0,241","0,811","7,435","-0,797","0,429","6,424","0,179","0,859","6,935","-0,451","0,654","6,367","0,179","0,859","3,276","1,610","0,114","7,023","0,211","0,834","91,000"
'L_V3CD_ROI',"5,932","0,814","0,419","2,473","1,043","0,301","8,610","0,144","0,886","4,587","-0,942","0,350","9,470","0,744","0,460","6,475","0,485","0,629","1,383","1,496","0,141","5,100","-1,161","0,251","5,319","1,496","0,141","3,500","2,912","0,005","4,024","0,920","0,361","92,000"
'L_VMV2_ROI',"3,910","0,916","0,363","2,063","1,307","0,196","3,441","1,566","0,122","4,983","-0,725","0,471","4,734","-0,760","0,450","7,792","-0,071","0,944","6,650","-0,657","0,514","3,625","-1,041","0,303","2,719","-0,657","0,514","6,653","0,661","0,511","6,798","-0,519","0,606","93,000"
'L_31a_ROI',"8,111","-0,124","0,901","8,032","-0,025","0,980","7,052","-0,297","0,768","5,732","0,813","0,419","8,206","0,159","0,874","7,223","0,505","0,616","7,719","-0,539","0,593","6,877","-0,479","0,634","7,707","-0,539","0,593","5,270","1,114","0,271","6,318","-1,231","0,223","94,000"
'L_VVC_ROI',"7,951","-0,429","0,669","1,342","1,836","0,071","4,387","-0,761","0,450","8,701","0,622","0,537","8,171","0,054","0,957","8,617","-0,261","0,795","7,218","-0,088","0,930","7,043","0,243","0,809","6,185","-0,088","0,930","2,486","0,973","0,335","9,996","-0,417","0,678","95,000"
'L_Ig_ROI',"3,523","0,965","0,338","0,065","2,548","0,013","11,674","0,539","0,592","5,687","-0,536","0,594","6,086","-0,462","0,646","7,241","0,206","0,837","2,755","0,990","0,327","5,133","-1,062","0,293","4,318","0,990","0,327","6,491","1,154","0,254","3,848","0,603","0,549","96,000"
'L_p10p_ROI',"8,544","0,571","0,570","7,839","0,273","0,786","5,820","-0,631","0,530","5,867","0,388","0,699","8,085","0,839","0,405","6,183","0,575","0,567","6,810","-0,701","0,486","7,210","-0,008","0,993","7,198","-0,701","0,486","7,025","0,782","0,438","6,601","-0,717","0,476","97,000"
'L_MBelt_ROI',"5,120","0,632","0,530","1,533","1,131","0,263","13,225","0,800","0,427","7,926","-0,050","0,960","4,415","-0,602","0,549","7,753","-0,137","0,891","11,461","-0,683","0,498","4,660","1,045","0,301","4,526","-0,683","0,498","5,437","1,013","0,316","5,619","0,440","0,661","98,000"
'L_LBelt_ROI',"5,754","0,386","0,701","1,965","1,013","0,315","8,055","0,011","0,992","6,627","-0,301","0,764","5,262","-0,453","0,652","2,842","1,100","0,276","12,294","-0,789","0,434","2,295","1,837","0,072","0,873","-0,789","0,434","3,138","2,453","0,018","7,687","0,022","0,982","99,000"
'L_A4_ROI',"4,453","0,724","0,472","3,459","0,923","0,359","6,264","-0,294","0,770","8,184","0,055","0,956","4,193","-0,865","0,391","5,010","1,219","0,228","8,521","-0,441","0,661","6,733","-0,818","0,417","7,510","-0,441","0,661","0,729","2,211","0,032","2,186","1,463","0,149","100,000"
'L_STSva_ROI',"8,237","-0,112","0,911","4,847","-1,134","0,261","9,752","0,695","0,489","6,012","1,047","0,299","8,689","-0,801","0,426","7,928","-0,054","0,957","10,448","-0,790","0,433","6,558","0,363","0,718","4,485","-0,790","0,433","5,564","-0,533","0,596","3,692","-1,180","0,243","101,000"
'R_V1_ROI',"1,614","1,877","0,065","2,279","0,909","0,367","3,336","-0,700","0,487","1,870","-1,810","0,075","5,386","-0,516","0,608","8,055","-0,104","0,918","8,817","-0,338","0,737","6,570","-0,960","0,342","5,661","-0,338","0,737","2,475","2,536","0,014","8,927","-0,088","0,930","102,000"
'R_MST_ROI',"6,735","-0,970","0,336","7,582","0,417","0,678","6,117","-0,796","0,429","2,150","1,910","0,061","1,954","-1,347","0,183","6,396","-0,521","0,604","1,725","-1,649","0,105","7,222","0,185","0,854","7,228","-1,649","0,105","4,030","0,995","0,325","7,947","0,006","0,995","103,000"
'R_V6_ROI',"5,815","0,942","0,350","8,490","-0,088","0,930","8,892","0,241","0,811","6,912","-0,409","0,684","5,461","-0,664","0,509","6,648","-0,698","0,488","7,219","-0,856","0,396","5,678","-0,720","0,475","4,469","-0,856","0,396","6,479","0,779","0,440","8,829","-0,238","0,813","104,000"
'R_V2_ROI',"2,352","2,058","0,044","0,830","1,885","0,064","2,678","-0,936","0,353","1,631","-1,974","0,053","4,269","-0,906","0,369","8,903","-0,340","0,735","10,870","-1,483","0,144","5,782","-1,428","0,160","4,743","-1,483","0,144","4,060","1,259","0,214","0,917","1,352","0,181","105,000"
'R_V3_ROI',"2,633","1,544","0,128","1,190","1,542","0,128","3,829","-0,572","0,570","2,285","-1,611","0,112","1,880","-1,435","0,156","8,664","-0,857","0,395","10,696","-0,963","0,340","6,778","-0,717","0,477","6,092","-0,963","0,340","4,037","1,573","0,122","1,762","0,964","0,339","106,000"
'R_V4_ROI',"9,647","-0,529","0,599","4,067","0,593","0,555","3,603","-0,586","0,560","4,493","-0,890","0,377","5,277","-0,505","0,616","8,952","-0,670","0,505","8,333","-0,419","0,677","7,183","-0,206","0,838","7,209","-0,419","0,677","5,327","1,049","0,299","8,901","-0,097","0,923","107,000"
'R_V8_ROI',"8,812","-0,349","0,728","0,295","2,261","0,027","6,486","-0,201","0,842","1,853","-1,715","0,091","14,396","1,677","0,099","7,819","-0,644","0,522","5,920","0,249","0,805","7,153","-0,342","0,733","7,209","0,249","0,805","2,987","1,694","0,096","4,186","0,529","0,598","108,000"
'R_4_ROI',"7,204","0,288","0,774","6,749","0,197","0,844","13,058","0,863","0,392","8,516","0,545","0,588","2,686","-1,330","0,189","7,747","0,000","1,000","7,669","-0,728","0,470","7,133","0,087","0,931","7,117","-0,728","0,470","0,728","2,641","0,011","15,404","-0,925","0,358","109,000"
'R_3b_ROI',"2,964","1,245","0,218","3,163","0,724","0,472","11,233","0,855","0,396","8,371","0,270","0,788","1,269","-2,153","0,035","6,944","0,378","0,707","7,437","-0,907","0,369","7,113","-0,510","0,612","5,859","-0,907","0,369","0,648","3,023","0,004","10,896","-0,372","0,711","110,000"
'R_FEF_ROI',"4,044","1,295","0,200","0,706","1,671","0,100","1,724","-1,052","0,297","4,869","-0,763","0,448","3,255","-0,850","0,399","5,915","0,369","0,713","7,399","-0,049","0,961","6,768","0,335","0,739","6,897","-0,049","0,961","2,007","2,192","0,033","1,395","1,225","0,225","111,000"
'R_PEF_ROI',"5,661","1,038","0,303","0,253","2,687","0,009","0,514","-2,486","0,016","3,208","-1,149","0,255","7,942","0,042","0,967","7,774","0,177","0,860","4,228","0,762","0,450","3,886","1,162","0,251","3,132","0,762","0,450","6,404","1,157","0,253","0,762","1,960","0,055","112,000"
'R_55b_ROI',"3,951","1,087","0,281","2,248","1,603","0,114","5,575","-0,354","0,724","6,883","-0,366","0,716","4,229","-0,960","0,341","7,179","0,138","0,890","6,268","0,246","0,807","6,859","0,193","0,848","6,005","0,246","0,807","3,763","1,522","0,134","8,426","-0,133","0,895","113,000"
'R_V3A_ROI',"3,580","1,612","0,112","7,286","0,082","0,935","6,035","-0,322","0,749","1,068","-2,173","0,034","2,643","-1,212","0,230","8,333","-0,276","0,784","10,645","-0,688","0,494","5,360","-1,029","0,309","4,831","-0,688","0,494","5,514","1,010","0,318","2,360","0,923","0,360","114,000"
'R_RSC_ROI',"10,070","-1,015","0,314","6,571","0,320","0,750","6,829","-0,339","0,736","7,713","0,237","0,814","9,213","0,547","0,586","7,667","-0,085","0,932","7,460","-0,297","0,768","6,954","0,235","0,815","5,999","-0,297","0,768","4,132","1,309","0,196","7,819","-1,641","0,106","115,000"
'R_POS2_ROI',"5,252","0,816","0,417","5,747","0,953","0,344","1,899","-1,360","0,179","7,418","-0,281","0,779","9,693","0,409","0,684","7,152","0,555","0,581","10,367","-0,933","0,355","7,257","-0,212","0,833","7,450","-0,933","0,355","7,637","0,298","0,767","4,918","0,888","0,378","116,000"
'R_V7_ROI',"7,282","0,266","0,792","9,598","-0,196","0,846","3,686","-0,755","0,453","3,292","-1,216","0,229","7,912","-0,004","0,997","4,308","0,839","0,405","7,976","-0,616","0,541","6,261","-0,700","0,487","5,102","-0,616","0,541","1,123","2,184","0,034","2,017","1,146","0,256","117,000"
'R_IPS1_ROI',"6,500","0,470","0,640","2,217","1,196","0,236","6,832","-0,809","0,422","8,626","0,308","0,759","8,062","0,017","0,986","7,736","-0,044","0,965","5,273","-1,148","0,256","6,374","-0,584","0,562","5,140","-1,148","0,256","0,201","2,646","0,01085","5,479","0,681","0,498","118,000"
'R_FFC_ROI',"8,824","-0,524","0,602","2,602","1,130","0,263","4,293","-0,739","0,463","7,162","-0,293","0,771","4,790","-0,556","0,580","5,652","0,607","0,546","8,730","-0,632","0,530","4,199","1,107","0,274","5,121","-0,632","0,530","0,294","3,152","0,00274","2,518","1,081","0,284","119,000"
'R_V3B_ROI',"7,197","0,268","0,790","1,147","1,337","0,186","17,528","1,072","0,288","7,162","-0,262","0,794","10,468","0,724","0,472","7,726","0,009","0,993","8,523","-0,299","0,766","6,624","-0,687","0,495","5,984","-0,299","0,766","2,550","2,078","0,043","7,938","0,000","1,000","120,000"
'R_LO2_ROI',"8,753","-0,202","0,840","3,495","1,136","0,260","3,890","-1,475","0,145","7,866","-0,040","0,968","8,672","-0,305","0,762","5,989","-0,461","0,647","5,808","0,597","0,553","6,533","-0,409","0,684","6,933","0,597","0,553","7,090","0,156","0,877","8,312","0,273","0,786","121,000"
'R_PIT_ROI',"8,880","-0,430","0,669","3,120","1,351","0,182","7,148","-0,341","0,734","8,140","0,161","0,872","8,135","-0,209","0,835","3,475","-1,410","0,164","6,879","0,454","0,652","6,795","0,343","0,733","7,083","0,454","0,652","2,681","1,243","0,220","7,506","-0,706","0,483","122,000"
'R_MT_ROI',"6,522","-1,875","0,066","4,504","0,619","0,538","1,228","-1,856","0,068","8,136","0,399","0,691","2,887","-1,384","0,171","7,815","-0,076","0,939","7,342","-0,504","0,617","3,904","1,087","0,282","4,873","-0,504","0,617","2,562","1,499","0,140","5,899","0,536","0,594","123,000"
'R_A1_ROI',"8,247","-0,102","0,919","2,190","0,962","0,340","7,264","-0,089","0,929","7,362","-0,183","0,855","4,061","-0,668","0,507","5,066","0,865","0,391","9,153","-0,435","0,666","6,665","0,377","0,708","5,439","-0,435","0,666","5,237","0,908","0,368","4,716","0,366","0,716","124,000"
'R_PSL_ROI',"8,083","-0,058","0,954","6,032","0,472","0,639","2,922","-1,292","0,201","7,693","0,427","0,671","7,813","-0,095","0,924","8,270","-0,541","0,591","7,122","-0,251","0,803","5,751","0,602","0,550","4,987","-0,251","0,803","4,050","1,186","0,241","4,930","1,055","0,296","125,000"
'R_SFL_ROI',"5,217","0,767","0,446","6,063","0,374","0,710","3,887","-1,060","0,293","6,084","-0,681","0,499","5,895","-0,427","0,671","4,789","-0,985","0,329","6,356","0,434","0,666","7,210","-0,011","0,992","7,046","0,434","0,666","1,647","2,017","0,049","6,402","0,615","0,541","126,000"
'R_PCV_ROI',"3,238","1,257","0,214","1,750","1,702","0,094","3,728","-1,682","0,098","6,820","-0,587","0,559","9,523","0,460","0,647","6,207","-0,543","0,589","7,076","0,411","0,683","6,722","0,421","0,676","6,450","0,411","0,683","1,691","2,163","0,035","8,388","0,597","0,553","127,000"
'R_STV_ROI',"7,833","0,062","0,951","1,376","1,704","0,094","0,419","-2,638","0,011","8,146","0,387","0,700","4,891","0,982","0,330","7,460","-0,211","0,833","4,951","0,921","0,361","2,869","1,342","0,186","2,328","0,921","0,361","4,933","0,884","0,381","2,261","1,472","0,146","128,000"
'R_7Pm_ROI',"2,218","1,564","0,123","7,028","0,233","0,817","0,372","-2,692","0,009","7,883","-0,138","0,891","8,572","0,163","0,871","7,500","0,192","0,849","7,614","-0,964","0,340","6,418","-0,561","0,577","7,020","-0,964","0,340","4,449","1,082","0,285","2,045","1,771","0,082","129,000"
'R_7m_ROI',"7,579","0,258","0,798","4,142","1,197","0,236","0,424","-2,125","0,038","7,987","-0,068","0,946","7,852","0,420","0,676","7,954","-0,356","0,723","6,966","0,111","0,912","6,864","0,268","0,790","4,720","0,111","0,912","7,535","0,326","0,746","1,453","1,683","0,097","130,000"
'R_POS1_ROI',"6,324","0,277","0,783","14,253","-0,493","0,624","8,914","0,211","0,833","4,653","-0,844","0,402","5,456","-0,464","0,645","7,599","-0,490","0,626","11,533","-1,648","0,106","6,579","-0,655","0,515","6,333","-1,648","0,106","6,678","-0,598","0,552","16,262","-1,359","0,179","131,000"
'R_23d_ROI',"10,114","-0,394","0,695","2,842","0,818","0,417","5,779","-0,489","0,626","7,787","0,715","0,477","5,649","-0,605","0,547","7,980","-0,416","0,679","11,104","-0,615","0,541","6,797","0,258","0,797","4,771","-0,615","0,541","4,625","0,990","0,327","7,557","0,362","0,718","132,000"
'R_v23ab_ROI',"10,438","-0,926","0,358","1,845","0,983","0,330","8,654","0,130","0,897","5,099","-0,590","0,557","8,359","1,110","0,272","6,246","-0,821","0,415","5,331","0,456","0,651","5,410","0,726","0,471","5,054","0,456","0,651","2,745","1,521","0,134","15,836","-1,259","0,213","133,000"
'R_d23ab_ROI',"6,056","-1,417","0,161","8,715","-0,346","0,730","5,688","-0,411","0,682","7,546","-0,189","0,851","6,764","1,081","0,284","7,779","-0,180","0,858","9,260","-0,719","0,475","7,251","-0,103","0,918","6,298","-0,719","0,475","1,150","1,987","0,052","7,799","-0,163","0,871","134,000"
'R_31pv_ROI',"3,819","-1,179","0,243","7,552","-0,377","0,707","5,786","-0,812","0,420","4,849","-1,137","0,260","7,278","0,912","0,365","7,230","-0,261","0,795","5,582","0,758","0,452","7,028","0,212","0,833","5,534","0,758","0,452","4,970","0,876","0,385","7,828","0,222","0,825","135,000"
'R_5m_ROI',"2,121","1,194","0,237","0,235","2,849","0,006","4,648","-1,068","0,290","6,672","-0,316","0,753","8,021","0,464","0,645","7,779","0,194","0,847","7,538","-0,193","0,848","7,146","-0,072","0,943","7,333","-0,193","0,848","0,695","2,209","0,032","6,021","0,511","0,611","136,000"
'R_5mv_ROI',"4,950","0,698","0,488","0,013","3,735","0,000","3,997","-1,359","0,179","7,344","-0,476","0,636","9,056","0,244","0,808","6,993","0,284","0,777","7,476","0,284","0,778","5,978","0,854","0,397","6,936","0,284","0,778","0,552","2,471","0,017","5,954","0,904","0,369","137,000"
'R_23c_ROI',"6,936","0,333","0,740","0,391","2,198","0,032","5,891","-0,460","0,647","6,608","-0,886","0,379","9,137","0,186","0,853","8,077","-0,387","0,700","4,625","0,653","0,517","5,492","0,787","0,435","5,316","0,653","0,517","3,919","0,831","0,410","5,335","0,694","0,491","138,000"
'R_24dd_ROI',"5,041","1,273","0,208","1,525","1,527","0,132","4,549","-0,574","0,568","7,774","0,538","0,592","1,139","-1,796","0,077","5,516","0,902","0,371","10,510","-0,859","0,395","7,214","-0,076","0,940","7,042","-0,859","0,395","1,727","2,145","0,037","5,861","0,545","0,588","139,000"
'R_24dv_ROI',"0,796","2,506","0,015","0,634","1,904","0,062","4,283","-0,630","0,531","6,263","-0,568","0,572","0,194","-2,494","0,015","1,329","2,619","0,011","8,256","-0,356","0,723","6,894","-0,536","0,594","6,426","-0,356","0,723","6,987","0,234","0,816","5,112","0,408","0,685","140,000"
'R_SCEF_ROI',"1,338","1,821","0,074","8,420","-0,132","0,895","2,134","-1,337","0,186","7,903","-0,013","0,990","0,711","-2,159","0,035","6,050","0,827","0,411","8,095","-0,291","0,772","6,337","-0,671","0,505","7,163","-0,291","0,772","5,222","0,975","0,334","3,570","0,980","0,331","141,000"
'R_6ma_ROI',"4,427","1,032","0,306","8,316","0,248","0,805","2,474","-1,970","0,053","6,576","-0,541","0,591","5,678","0,669","0,506","3,509","-1,222","0,227","3,847","1,718","0,092","7,148","-0,099","0,921","6,942","1,718","0,092","6,927","0,445","0,658","9,749","0,742","0,461","142,000"
'R_7Am_ROI',"3,509","0,980","0,331","5,077","0,562","0,576","2,880","-1,589","0,117","5,673","-0,621","0,537","1,698","-1,791","0,078","7,847","0,123","0,903","7,078","-0,847","0,401","6,142","-0,601","0,551","5,032","-0,847","0,401","0,549","2,237","0,030","0,994","3,936","0,000","143,000"
'R_7PL_ROI',"1,880","2,183","0,033","7,328","0,853","0,397","4,584","-1,643","0,105","7,730","-0,930","0,356","5,899","-0,614","0,542","7,528","0,530","0,598","8,539","0,737","0,465","2,666","-1,567","0,123","2,149","0,737","0,465","1,948","1,547","0,128","8,572","0,455","0,650","144,000"
'R_1_ROI',"7,979","0,017","0,986","3,409","1,231","0,223","4,131","-0,877","0,384","9,298","0,549","0,585","5,265","-0,939","0,352","3,236","1,324","0,191","4,744","-1,011","0,317","1,301","2,180","0,034","1,789","-1,011","0,317","0,330","2,789","0,007","5,761","0,433","0,667","145,000"
'R_2_ROI',"2,803","0,891","0,377","0,424","1,971","0,053","0,459","-2,520","0,014","8,294","0,368","0,714","5,533","-0,812","0,420","1,835","1,521","0,134","8,597","-0,546","0,587","7,113","-0,615","0,541","7,643","-0,546","0,587","1,283","1,633","0,109","0,741","3,098","0,003","146,000"
'R_3a_ROI',"7,812","0,759","0,451","6,556","0,383","0,703","7,936","0,021","0,983","9,082","1,013","0,315","3,588","-1,206","0,232","6,171","0,666","0,508","6,065","-0,476","0,636","6,185","-0,663","0,511","5,944","-0,476","0,636","1,953","2,370","0,022","8,850","-0,400","0,690","147,000"
'R_6d_ROI',"7,322","0,248","0,805","7,638","0,404","0,688","8,781","0,178","0,859","5,872","-0,612","0,543","1,203","-1,808","0,076","8,331","-0,831","0,409","7,275","0,122","0,903","6,167","-0,522","0,604","5,919","0,122","0,903","1,267","1,963","0,055","5,547","0,534","0,596","148,000"
'R_6mp_ROI',"0,621","2,177","0,033","5,198","0,737","0,464","6,939","-0,525","0,602","5,936","-0,804","0,424","0,944","-2,038","0,046","7,530","0,588","0,559","6,826","-0,563","0,576","7,217","-0,057","0,955","7,170","-0,563","0,576","2,181","1,465","0,149","7,290","0,641","0,524","149,000"
'R_6v_ROI',"4,865","0,666","0,508","4,183","1,366","0,177","3,976","-0,755","0,453","7,936","0,604","0,548","5,672","-1,108","0,272","8,272","-0,843","0,403","9,779","-0,774","0,442","4,674","0,757","0,452","2,686","-0,774","0,442","8,429","0,588","0,559","7,956","0,058","0,954","150,000"
'R_p24pr_ROI',"4,085","0,899","0,372","3,696","0,772","0,443","10,137","0,444","0,658","5,276","-0,886","0,379","6,828","-0,507","0,614","8,505","-0,744","0,460","9,436","-0,368","0,715","5,692","-1,153","0,254","7,710","-0,368","0,715","6,023","0,912","0,366","6,824","0,294","0,770","151,000"
'R_p32pr_ROI',"7,508","-0,264","0,793","5,909","-0,858","0,394","2,798","-2,721","0,008","6,351","-0,646","0,521","2,223","-1,311","0,195","7,936","-0,094","0,925","7,200","-0,008","0,994","6,640","-0,351","0,727","7,206","-0,008","0,994","7,246","-0,178","0,859","7,021","1,492","0,141","152,000"
'R_8BM_ROI',"6,917","0,424","0,673","7,251","0,370","0,712","1,271","-1,616","0,111","8,143","0,140","0,889","3,515","-0,930","0,356","7,544","0,056","0,956","6,910","-0,225","0,823","6,995","-0,188","0,852","7,057","-0,225","0,823","7,632","0,432","0,667","5,232","0,706","0,483","153,000"
'R_p32_ROI',"7,582","-0,550","0,584","7,624","0,408","0,685","6,890","-0,310","0,758","7,810","-0,223","0,825","4,222","1,213","0,230","6,611","0,327","0,745","6,242","-0,983","0,331","6,693","0,294","0,770","4,682","-0,983","0,331","4,956","1,021","0,312","7,288","0,260","0,796","154,000"
'R_10r_ROI',"7,810","-0,647","0,520","4,765","0,940","0,351","5,275","-0,745","0,459","6,307","-0,620","0,538","7,562","-0,449","0,655","7,203","0,224","0,824","7,108","0,053","0,958","2,631","1,318","0,193","1,114","0,053","0,958","6,415","0,528","0,600","7,912","-0,094","0,925","155,000"
'R_8Av_ROI',"7,663","0,056","0,956","1,659","2,302","0,025","1,388","-1,372","0,175","8,030","0,697","0,488","8,431","0,115","0,908","7,940","-0,161","0,873","6,715","-0,698","0,488","5,861","0,818","0,417","6,203","-0,698","0,488","5,951","0,705","0,484","6,675","0,177","0,860","156,000"
'R_8Ad_ROI',"8,351","0,121","0,904","0,597","3,041","0,003","7,836","-0,023","0,982","2,787","-1,834","0,071","7,834","-0,055","0,956","7,746","-0,124","0,901","5,365","0,676","0,502","1,197","2,231","0,030","1,364","0,676","0,502","4,512","0,703","0,485","7,754","0,045","0,964","157,000"
'R_9m_ROI',"6,489","-0,563","0,575","5,691","-0,700","0,486","7,751","-0,305","0,761","6,943","0,577","0,566","1,806","1,596","0,116","5,837","0,732","0,467","5,550","-1,220","0,228","7,053","0,168","0,867","5,379","-1,220","0,228","4,160","1,076","0,287","8,064","0,138","0,891","158,000"
'R_8BL_ROI',"8,228","-0,920","0,361","0,071","3,157","0,002","8,405","0,384","0,703","5,300","-0,694","0,491","5,811","-0,937","0,353","7,582","-0,150","0,882","3,797","0,961","0,341","3,178","1,425","0,160","2,699","0,961","0,341","2,226","1,830","0,073","7,800","0,046","0,963","159,000"
'R_10d_ROI',"5,605","-1,257","0,214","6,735","1,213","0,230","4,125","-1,460","0,149","8,289","-0,301","0,764","6,579","-0,586","0,560","5,459","0,730","0,468","4,480","-1,462","0,150","2,206","1,426","0,160","0,953","-1,462","0,150","1,130","2,755","0,008","8,010","0,582","0,563","160,000"
'R_44_ROI',"7,658","0,099","0,922","8,014","0,623","0,536","8,012","0,394","0,695","6,923","0,595","0,554","7,667","0,407","0,686","7,732","-0,013","0,990","4,118","0,896","0,375","7,204","-0,017","0,987","6,863","0,896","0,375","5,507","1,051","0,298","7,571","-1,067","0,290","161,000"
'R_6r_ROI',"3,976","0,935","0,354","8,434","0,487","0,628","8,137","0,129","0,898","8,102","0,145","0,885","8,682","-0,501","0,618","5,931","-1,018","0,313","6,227","0,593","0,556","7,027","0,163","0,872","6,116","0,593","0,556","2,408","1,807","0,077","7,146","-0,283","0,778","162,000"
'R_IFJa_ROI',"7,774","0,075","0,941","7,007","0,839","0,405","8,553","0,133","0,895","7,865","-0,143","0,886","5,731","-0,415","0,679","5,349","-1,021","0,311","2,279","1,719","0,092","5,796","-0,621","0,538","6,178","1,719","0,092","6,231","1,011","0,317","8,312","-0,145","0,885","163,000"
'R_IFSp_ROI',"7,964","-0,030","0,976","7,625","0,066","0,947","3,757","-0,732","0,467","8,653","0,837","0,406","10,540","1,258","0,213","5,145","-1,329","0,189","1,091","1,697","0,096","5,573","-0,848","0,401","6,278","1,697","0,096","2,731","1,951","0,057","11,617","-0,373","0,711","164,000"
'R_p9-46v_ROI',"6,891","0,302","0,764","5,233","0,503","0,617","6,147","-0,275","0,784","7,675","-0,086","0,932","8,446","1,495","0,140","8,427","-0,603","0,549","1,054","1,768","0,083","7,101","-0,423","0,674","7,676","1,768","0,083","1,080","2,538","0,014","9,775","-1,597","0,115","165,000"
'R_10v_ROI',"2,950","-1,370","0,176","5,715","-0,510","0,612","6,732","-0,400","0,690","7,920","-0,072","0,943","7,379","-0,261","0,795","6,949","-0,535","0,595","6,835","-0,385","0,702","1,570","1,551","0,127","1,079","-0,385","0,702","4,456","1,302","0,199","3,080","-1,015","0,314","166,000"
'R_10pp_ROI',"7,961","-0,057","0,955","6,845","-0,621","0,537","3,684","-1,031","0,307","5,270","-0,915","0,364","6,340","-0,506","0,615","6,809","0,166","0,868","8,240","-1,094","0,279","0,579","1,959","0,056","0,279","-1,094","0,279","1,116","1,965","0,055","8,082","0,094","0,926","167,000"
'R_6a_ROI',"4,395","0,806","0,423","2,896","1,013","0,315","2,148","-1,257","0,214","4,244","-0,977","0,333","6,595","-0,317","0,752","6,998","0,301","0,764","3,649","0,910","0,367","3,264","1,325","0,191","2,526","0,910","0,367","0,535","3,018","0,004","5,339","0,696","0,489","168,000"
'R_i6-8_ROI',"1,486","1,889","0,064","4,641","0,740","0,462","0,624","-2,087","0,041","6,634","-0,498","0,620","9,577","1,044","0,301","5,206","0,792","0,432","4,071","0,977","0,333","4,679","0,995","0,324","4,128","0,977","0,333","2,832","1,790","0,080","9,804","-0,459","0,648","169,000"
'R_s6-8_ROI',"7,509","0,090","0,929","1,555","1,530","0,131","0,732","-2,490","0,016","2,264","-1,481","0,144","7,510","-0,255","0,799","5,556","0,839","0,405","5,276","0,695","0,490","5,077","1,076","0,287","3,611","0,695","0,490","3,060","1,047","0,300","1,204","2,373","0,021","170,000"
'R_43_ROI',"7,063","0,165","0,870","2,017","0,949","0,346","19,066","1,506","0,137","8,242","0,672","0,504","11,618","1,246","0,218","7,439","-0,877","0,384","8,001","-0,186","0,854","6,636","-0,630","0,531","6,926","-0,186","0,854","4,918","1,029","0,309","18,847","-1,366","0,177","171,000"
'R_OP4_ROI',"4,303","1,071","0,288","6,543","0,275","0,784","7,896","1,862","0,067","7,958","0,183","0,855","4,176","-1,020","0,312","6,463","-0,728","0,470","8,082","-0,405","0,687","5,893","-0,635","0,528","5,501","-0,405","0,687","4,434","1,007","0,319","11,225","-0,504","0,616","172,000"
'R_OP1_ROI',"11,347","-0,569","0,572","0,303","1,983","0,052","9,035","2,360","0,021","5,656","-0,696","0,489","2,774","-1,142","0,258","6,187","-0,922","0,361","7,649","-0,089","0,930","7,075","0,171","0,865","7,182","-0,089","0,930","7,231","0,021","0,984","11,723","-0,765","0,447","173,000"
'R_OP2-3_ROI',"9,490","-1,094","0,278","0,161","2,100","0,040","6,801","-0,192","0,848","5,035","-0,850","0,399","4,907","-0,544","0,588","7,841","-0,201","0,841","4,301","0,567","0,573","4,045","1,140","0,260","4,860","0,567","0,573","5,269","1,048","0,300","9,192","-0,178","0,859","174,000"
'R_52_ROI',"6,848","0,686","0,495","5,796","0,398","0,692","7,883","-0,043","0,966","5,042","-0,879","0,383","4,571","-0,766","0,446","3,128","1,318","0,193","8,688","-0,415","0,680","5,403","0,905","0,370","5,411","-0,415","0,680","3,329","1,732","0,089","9,746","-0,417","0,678","175,000"
'R_RI_ROI',"9,001","-0,522","0,604","5,348","0,725","0,471","7,922","0,034","0,973","5,611","1,041","0,302","7,929","0,053","0,958","5,945","-0,886","0,379","7,187","-0,360","0,720","2,170","1,394","0,170","2,051","-0,360","0,720","1,982","1,566","0,124","4,251","-1,359","0,179","176,000"
'R_PFcm_ROI',"5,791","0,441","0,661","5,586","0,559","0,578","7,768","-0,056","0,956","7,546","0,408","0,685","8,028","0,216","0,830","7,193","-0,293","0,771","7,242","-0,063","0,950","6,416","0,481","0,633","6,617","-0,063","0,950","0,512","2,137","0,038","8,241","-0,538","0,593","177,000"
'R_PoI2_ROI',"7,969","-0,599","0,552","2,326","1,224","0,226","16,859","0,893","0,375","3,639","2,095","0,040","1,134","-1,555","0,125","9,719","-0,711","0,480","2,802","1,532","0,132","7,305","-0,447","0,657","7,344","1,532","0,132","7,593","0,308","0,760","7,698","0,028","0,978","178,000"
'R_TA2_ROI',"6,987","0,233","0,816","1,736","1,408","0,164","8,320","0,811","0,421","7,981","0,326","0,746","8,869","0,673","0,504","3,125","-1,529","0,132","6,443","0,226","0,822","7,229","-0,061","0,952","7,127","0,226","0,822","0,325","2,966","0,00462","8,862","-0,675","0,502","179,000"
'R_FOP4_ROI',"8,217","-0,523","0,603","8,111","-0,027","0,979","0,305","-2,340","0,023","7,007","-0,317","0,752","8,500","0,190","0,850","0,992","1,691","0,096","3,754","0,846","0,402","4,162","0,933","0,355","1,386","0,846","0,402","3,117","1,397","0,169","1,202","1,942","0,057","180,000"
'R_MI_ROI',"7,963","-0,006","0,995","0,091","2,458","0,017","3,986","-0,624","0,535","4,994","-0,746","0,458","5,284","-0,563","0,576","5,235","0,673","0,504","5,334","0,370","0,713","1,522","1,971","0,054","0,813","0,370","0,713","2,239","1,866","0,068","0,602","2,427","0,018","181,000"
'R_FOP1_ROI',"3,820","0,889","0,378","5,185","0,884","0,380","9,504","0,286","0,776","6,497","-0,569","0,571","5,837","-0,781","0,438","6,779","0,346","0,731","5,315","0,440","0,662","4,422","0,890","0,378","2,284","0,440","0,662","3,384","1,623","0,111","8,031","-0,039","0,969","182,000"
'R_FOP3_ROI',"7,917","-0,320","0,750","0,854","1,814","0,075","8,977","0,131","0,896","5,259","-1,116","0,269","10,110","0,427","0,671","3,418","1,215","0,229","6,697","0,334","0,739","1,440","1,942","0,058","1,895","0,334","0,739","8,453","0,642","0,524","4,664","0,645","0,522","183,000"
'R_FOP2_ROI',"5,321","-1,094","0,278","2,205","1,276","0,207","12,032","1,125","0,265","7,821","0,530","0,598","3,094","-1,054","0,296","7,379","0,208","0,836","3,705","0,856","0,396","1,023","1,929","0,059","1,654","0,856","0,396","7,120","0,342","0,734","15,304","-1,187","0,240","184,000"
'R_PFt_ROI',"8,522","-0,119","0,905","2,592","1,125","0,265","6,465","-0,247","0,806","7,261","-0,201","0,842","2,250","1,813","0,075","8,661","-0,459","0,648","4,588","0,521","0,605","7,077","0,135","0,893","6,273","0,521","0,605","4,016","1,183","0,242","6,267","-1,370","0,176","185,000"
'R_PreS_ROI',"7,672","0,200","0,842","1,762","1,822","0,073","5,900","-0,479","0,633","5,342","-0,653","0,516","8,546","0,219","0,828","7,160","0,239","0,812","7,326","-0,672","0,505","6,924","-0,326","0,746","7,219","-0,672","0,505","6,816","0,536","0,595","3,920","0,644","0,522","186,000"
'R_ProS_ROI',"5,891","0,833","0,408","7,342","0,095","0,925","5,341","-0,317","0,752","7,051","-0,286","0,776","7,935","0,000","1,000","2,366","1,438","0,156","8,516","-0,869","0,389","5,027","-1,041","0,303","5,835","-0,869","0,389","7,545","0,676","0,502","4,844","0,364","0,717","187,000"
'R_STGa_ROI',"7,886","0,190","0,850","7,588","0,166","0,869","7,896","-0,041","0,967","2,483","1,541","0,128","7,946","-0,023","0,982","5,369","-0,767","0,446","6,924","-0,371","0,713","5,312","-0,756","0,453","6,593","-0,371","0,713","1,836","1,826","0,074","7,795","0,145","0,885","188,000"
'R_PBelt_ROI',"7,110","0,491","0,625","1,091","1,662","0,102","6,563","-0,219","0,828","4,465","-0,848","0,400","6,025","-0,517","0,607","4,202","1,146","0,256","7,185","0,036","0,971","6,506","-0,524","0,602","6,851","0,036","0,971","3,264","1,367","0,178","4,852","0,556","0,580","189,000"
'R_A5_ROI',"7,161","-0,937","0,353","3,264","1,051","0,297","2,345","-1,892","0,063","8,027","0,062","0,951","1,272","-1,868","0,067","7,489","0,311","0,757","7,200","-0,170","0,865","5,766","0,724","0,473","6,510","-0,170","0,865","1,210","1,699","0,096","3,576","1,166","0,248","190,000"
'R_STSda_ROI',"5,230","-0,940","0,351","5,087","0,965","0,339","0,186","-2,510","0,015","5,587","-0,508","0,613","3,404","-1,122","0,266","3,324","1,223","0,226","6,936","0,327","0,745","6,675","0,384","0,703","6,017","0,327","0,745","6,473","0,454","0,652","0,177","2,726","0,008","191,000"
'R_STSdp_ROI',"5,239","0,658","0,513","4,211","1,152","0,254","1,919","-1,476","0,145","2,351","1,723","0,090","2,380","-1,860","0,068","4,440","0,660","0,512","7,216","-0,002","0,999","7,135","0,057","0,955","5,747","-0,002","0,999","3,920","1,152","0,255","8,408","0,395","0,694","192,000"
'R_STSvp_ROI',"6,513","0,568","0,572","3,671","1,177","0,244","3,507","-0,960","0,341","7,690","-0,237","0,813","2,263","-1,768","0,082","6,658","0,357","0,722","5,518","0,460","0,647","5,939","0,540","0,592","3,871","0,460","0,647","5,627","0,850","0,399","6,618","0,490","0,626","193,000"
'R_TE1a_ROI',"8,584","0,520","0,605","8,068","-0,157","0,876","5,795","-0,943","0,350","6,788","-0,441","0,661","0,614","2,149","0,036","7,845","-0,052","0,959","6,981","-0,103","0,918","0,243","2,871","0,006","0,353","-0,103","0,918","3,374","1,379","0,174","6,025","-0,733","0,466","194,000"
'R_TE1p_ROI',"3,880","0,967","0,337","3,854","1,135","0,261","3,851","-0,761","0,450","2,831","-1,438","0,156","3,209","1,794","0,078","2,762","1,003","0,320","4,957","0,702","0,486","6,193","0,404","0,688","2,941","0,702","0,486","6,201","0,923","0,361","6,373","0,509","0,613","195,000"
'R_TF_ROI',"8,077","-0,055","0,956","6,167","0,568","0,572","5,235","-0,767","0,446","5,429","-0,711","0,480","2,201","-1,519","0,134","1,162","2,371","0,021","7,204","0,066","0,948","3,368","1,321","0,192","2,656","0,066","0,948","7,158","0,119","0,906","1,988","1,357","0,180","196,000"
'R_PH_ROI',"7,723","0,071","0,944","3,645","0,722","0,473","4,116","-0,574","0,568","5,803","-0,472","0,639","8,272","0,506","0,614","5,953","0,386","0,701","6,533","0,150","0,882","7,173","-0,045","0,964","7,134","0,150","0,882","1,502","1,875","0,067","7,723","0,019","0,985","197,000"
'R_TPOJ1_ROI',"1,912","1,606","0,113","1,203","1,998","0,050","0,879","-2,134","0,037","8,177","0,052","0,959","8,161","0,455","0,650","7,739","0,004","0,997","5,505","1,062","0,293","7,191","-0,024","0,981","7,219","1,062","0,293","2,755","1,691","0,097","3,461","1,006","0,318","198,000"
'R_TPOJ2_ROI',"0,390","-2,626","0,011","5,018","1,111","0,271","6,592","-0,667","0,507","7,933","0,138","0,890","7,741","-0,485","0,629","7,246","-0,231","0,819","5,572","0,576","0,568","4,754","0,980","0,332","4,772","0,576","0,568","6,214","0,625","0,535","3,253","1,503","0,138","199,000"
'R_TPOJ3_ROI',"8,541","-0,234","0,816","1,436","1,474","0,146","3,079","-1,021","0,311","7,495","-0,316","0,753","7,238","-0,694","0,490","6,271","-0,788","0,434","8,039","-0,561","0,577","4,238","1,101","0,276","5,196","-0,561","0,577","3,750","1,584","0,120","6,750","0,217","0,829","200,000"
'R_DVT_ROI',"1,259","2,031","0,047","2,740","1,222","0,226","5,981","-0,389","0,699","6,069","-0,544","0,589","3,268","-1,328","0,189","6,523","0,450","0,654","7,289","-0,896","0,375","3,310","-1,781","0,081","2,891","-0,896","0,375","7,204","-0,017","0,986","6,531","0,314","0,755","201,000"
'R_PGp_ROI',"7,103","-0,827","0,411","3,861","0,726","0,471","6,618","-0,329","0,743","5,585","-0,412","0,682","6,464","0,482","0,632","3,237","-1,479","0,145","6,910","-0,136","0,892","6,788","0,513","0,610","7,195","-0,136","0,892","5,761","1,167","0,249","9,750","-0,742","0,461","202,000"
'R_IP0_ROI',"7,708","-0,139","0,890","0,598","2,447","0,017","6,403","-0,456","0,650","6,104","0,819","0,416","8,166","1,032","0,306","6,875","-0,569","0,572","1,631","1,885","0,065","2,711","1,424","0,161","3,788","1,885","0,065","0,354","2,925","0,005","7,157","0,255","0,800","203,000"
'R_PFop_ROI',"8,026","-0,344","0,732","1,435","1,495","0,140","7,726","0,357","0,722","6,625","0,799","0,427","8,210","0,223","0,824","5,046","-0,951","0,345","5,188","-0,858","0,395","4,303","-1,013","0,316","5,791","-0,858","0,395","1,146","2,003","0,051","4,931","1,104","0,274","204,000"
'R_PF_ROI',"7,398","0,255","0,800","6,689","0,552","0,583","6,036","-0,540","0,591","6,544","0,712","0,479","6,716","-0,364","0,717","5,300","-0,834","0,407","7,154","-0,099","0,921","7,175","-0,071","0,944","6,994","-0,099","0,921","2,862","1,387","0,172","7,843","0,051","0,959","205,000"
'R_PGi_ROI',"3,222","-1,513","0,135","2,042","1,340","0,185","3,266","-1,068","0,290","8,461","0,342","0,734","7,840","0,097","0,923","7,642","-0,068","0,946","5,320","0,448","0,656","3,020","1,415","0,163","2,119","0,448","0,656","7,409","0,092","0,927","3,638","1,068","0,290","206,000"
'R_V6A_ROI',"2,244","1,344","0,184","2,972","1,581","0,119","6,726","-0,504","0,616","7,370","-0,260","0,796","4,280","-1,299","0,199","7,670","-0,048","0,962","5,977","-0,742","0,462","6,290","-0,502","0,618","5,347","-0,742","0,462","6,313","0,405","0,687","7,402","0,208","0,836","207,000"
'R_VMV1_ROI',"5,985","0,332","0,741","0,748","1,870","0,066","1,885","-1,067","0,290","4,838","-0,766","0,447","0,973","-1,809","0,075","8,274","-0,462","0,646","7,319","-0,916","0,364","7,149","-0,114","0,909","6,195","-0,916","0,364","5,264","1,380","0,174","3,920","0,584","0,561","208,000"
'R_VMV3_ROI',"8,016","-0,057","0,955","0,610","2,156","0,035","1,728","-1,119","0,268","7,024","-0,254","0,800","9,103","0,222","0,825","8,804","-0,560","0,577","8,026","-0,793","0,431","7,215","0,085","0,932","7,219","-0,793","0,431","7,116","1,507","0,138","13,603","-0,523","0,603","209,000"
'R_V4t_ROI',"8,017","-0,130","0,897","4,057","0,937","0,352","5,452","-0,777","0,440","6,345","0,639","0,525","3,488","1,650","0,104","3,352","-1,118","0,268","1,611","1,772","0,083","6,389","-0,493","0,624","7,010","1,772","0,083","6,989","0,152","0,880","7,025","-0,568","0,572","210,000"
'R_LO3_ROI',"8,837","-0,695","0,490","0,175","2,238","0,029","8,154","0,129","0,898","5,227","-0,720","0,474","8,512","0,223","0,824","7,935","-0,157","0,876","4,795","0,609","0,545","6,908","0,336","0,738","7,128","0,609","0,545","3,281","1,572","0,122","10,758","-0,922","0,360","211,000"
'R_VMV2_ROI',"8,455","-0,161","0,872","4,473","0,678","0,501","2,155","-1,255","0,214","6,107","-0,648","0,520","7,137","-0,360","0,720","7,641","0,256","0,799","7,704","-0,763","0,449","6,144","0,529","0,599","5,991","-0,763","0,449","6,179","0,478","0,634","8,118","-0,047","0,963","212,000"
'R_31pd_ROI',"5,359","0,725","0,471","7,509","0,477","0,635","6,292","-0,671","0,505","7,483","-0,264","0,793","1,917","1,111","0,271","7,766","-0,027","0,979","6,939","0,196","0,846","5,739","0,613","0,543","3,098","0,196","0,846","4,220","1,754","0,086","8,831","0,144","0,886","213,000"
'R_31a_ROI',"8,733","-0,134","0,894","3,645","0,770","0,444","9,087","0,804","0,425","5,304","-0,767","0,446","7,604","2,589","0,012","7,567","-1,331","0,188","2,387","2,016","0,049","7,197","-0,360","0,720","7,248","2,016","0,049","4,093","0,995","0,325","8,327","-0,396","0,694","214,000"
'R_VVC_ROI',"8,045","-0,055","0,956","0,648","2,441","0,018","3,616","-0,724","0,472","8,949","0,566","0,573","8,847","0,187","0,852","7,048","-1,347","0,183","5,763","0,489","0,627","6,714","-0,626","0,534","6,308","0,489","0,627","0,534","3,356","0,002","12,368","-0,460","0,647","215,000"
'R_PoI1_ROI',"8,065","-0,038","0,970","4,685","0,775","0,441","8,339","0,074","0,942","7,516","-0,184","0,855","1,515","-1,238","0,220","1,590","1,682","0,098","5,798","0,244","0,809","5,026","1,054","0,297","5,178","0,244","0,809","6,154","0,728","0,470","6,354","0,301","0,764","216,000"
'R_Ig_ROI',"4,535","-0,928","0,357","1,255","1,774","0,081","10,731","0,837","0,406","7,592","-0,267","0,791","10,536","0,424","0,673","8,769","-0,434","0,666","6,668","1,359","0,180","6,623","0,429","0,670","6,944","1,359","0,180","7,074","1,145","0,258","5,213","0,384","0,702","217,000"
'R_MBelt_ROI',"5,692","0,657","0,514","1,937","1,085","0,282","11,932","0,768","0,445","4,936","-0,779","0,439","5,417","-0,486","0,629","1,209","1,868","0,067","8,401","-0,581","0,564","6,855","0,264","0,793","6,547","-0,581","0,564","5,235","1,052","0,298","13,752","-0,596","0,553","218,000"
'R_LBelt_ROI',"6,087","0,595","0,554","4,168","0,814","0,419","4,927","-1,023","0,311","3,338","-1,302","0,198","6,622","-0,325","0,746","2,504","1,650","0,104","7,732","-0,920","0,362","4,667","0,891","0,377","3,281","-0,920","0,362","2,566","1,723","0,091","2,356","1,762","0,083","219,000"
'R_A4_ROI',"6,418","0,780","0,438","0,519","2,080","0,042","5,645","-0,341","0,734","6,233","-0,424","0,673","5,831","-0,580","0,564","7,040","0,270","0,788","6,114","0,355","0,724","6,949","-0,318","0,751","7,168","0,355","0,724","2,330","1,656","0,104","13,336","-0,594","0,555","220,000"
'R_STSva_ROI',"6,097","-0,418","0,677","1,703","1,600","0,115","0,735","-1,786","0,079","7,389","-0,262","0,794","6,078","-1,033","0,306","5,995","0,602","0,549","4,740","0,677","0,502","0,005","3,632","0,001","0,001","0,677","0,502","7,283","0,069","0,945","7,356","0,585","0,561","221,000"
'R_TE1m_ROI',"2,560","1,309","0,196","3,772","1,020","0,312","6,408","-0,322","0,749","7,148","-0,304","0,763","7,881","-0,060","0,952","7,797","-0,009","0,993","3,260","0,891","0,377","7,044","0,160","0,873","5,973","0,891","0,377","3,671","1,630","0,109","9,499","-0,673","0,504","222,000"
'R_a32pr_ROI',"6,953","0,393","0,696","8,994","-0,404","0,688","0,299","-2,410","0,019","7,261","-0,403","0,688","2,550","-1,303","0,198","6,644","0,486","0,629","5,956","0,391","0,697","4,500","-1,018","0,314","6,515","0,391","0,697","6,879","-0,660","0,512","3,539","1,089","0,280","223,000"
