areasNames,BMI,FWD,EGGF,EGGP,TOD,STAI,LM,LFP,HFP,RAT,STDEGG,areasNames
'L_V1_ROI',"1,14859295402891","1,81246301904546","9,84615075831914","1,48146924681397","10,8865145809531","8,91495536547239","8,49426795821259","6,82219306410608","5,61388578022252","1,49064983613553","8,75367568476781",A1
'L_V6_ROI',"1,94544643731039","0,625528291241338","7,22350773230939","7,08715255272656","3,71370153579502","5,10628054004673","10,1377314332297","5,67450471826136","4,18893331257741","7,42372873542734","0,749682779115059",A3
'L_V2_ROI',"1,78772401968886","1,58900651899173","6,50528319667452","1,71493450109351","6,60071893854728","8,22030718079079","9,65666402050633","7,30075124918618","6,35130466454309","2,46474325043951","5,27503772351971",A4
'L_V3_ROI',"2,92567750163297","2,03576137920783","10,3648726843911","3,42069583472902","3,30257548945916","6,73396457058916","11,7621703198045","7,21839888518806","7,20057917844125","4,1032228966288","5,01633106804926",A5
'L_V4_ROI',"6,55424251779349","0,813351014973899","2,44290532501542","3,25670422989096","2,80400268562504","7,73553567582335","3,60595858475595","6,93767487772872","7,02874827765145","6,40526770402644","3,28961324272152",A6
'L_V8_ROI',"8,07783904939494","1,7683256848079","3,76483370089267","5,62187878218071","11,1241257022883","7,35613023490634","6,03031752759713","5,31856514536773","4,62007975100231","7,6882903317688","6,46372415788608",A7
'L_4_ROI',"8,02279308584112","5,05575661389071","8,74270888570472","7,85797714208653","1,11024978072578","6,68050432703026","7,44085890789397","6,03600229402186","6,96079269055737","1,48830658011224","9,12752802421659",A8
'L_3b_ROI',"8,50946050359182","5,95666248420387","11,2921551326589","8,12762674889333","0,594259947089419","7,82601208157542","8,43251836880095","7,18688245486305","7,33155055472443","0,578632091727648","11,2677323554225",A9
'L_FEF_ROI',"8,10202216281418","7,80492279763865","7,76896938572126","6,02356117624066","7,97318800648187","4,65017135774785","7,10465138010071","3,36037306635673","2,70351994503022","4,9120106927713","6,52452682099018",A10
'L_55b_ROI',"7,85460122929031","5,54907222604638","0,665307919513801","5,66241502321734","0,188483373261396","4,33584903117459","7,25706372477873","7,20978410837399","7,13961464924406","3,42372135905804","1,76228721388086",A12
'L_V3A_ROI',"2,14269796489504","4,19461757191532","4,00853259443041","1,08437783504186","8,40678743674456","8,0010235768901","7,22732146976591","7,22165432328834","7,1386600037515","3,59446688707053","1,09796883950499",A13
'L_RSC_ROI',"11,4727187472134","3,43026675425733","8,60692994551393","7,41627857010289","8,61452239109097","6,12570177063146","9,1285561012702","7,00840126419096","6,13398205950892","3,55434817146183","14,9916622552936",A14
'L_POS2_ROI',"8,95111036538751","4,78031326020314","2,75365945379781","8,09964432004159","8,66002016488852","5,94597795847677","8,44377555285","1,99151383337489","0,79885322391172","5,40650927025879","7,60071133631253",A15
'L_V7_ROI',"5,25182724914459","1,31594521419379","4,85781698474927","2,45104915763595","8,55114450814987","7,69491903443395","6,91206349211769","7,23398400575404","6,63021480239156","1,7688931829474","3,13517276175978",A16
'L_IPS1_ROI',"3,28799975410076","0,07972687289741","5,77915761087221","4,63676837909737","8,97457156575396","6,73427891694643","6,37009062294948","6,93109455043084","6,75494913668371","1,09270389193394","7,9094215881323",A17
'L_FFC_ROI',"7,61019298480246","0,156928575054496","9,37641068648685","3,29723114057522","2,06839373582276","8,36610950137236","7,64595304157428","4,57492427650058","5,77161117333431","0,238674579846062","2,00071941354165",A18
'L_V3B_ROI',"6,864622200479","0,454536897952256","2,49722776754098","2,13657964769621","7,31443486696338","6,2924944636043","4,54671292828792","7,18019942435736","6,91982508337186","4,90500773969278","0,410052209576664",A19
'L_A1_ROI',"3,44882954337906","1,50680826497541","10,030870163762","6,47531005795334","5,12133806774852","5,25069009758717","10,3097434095281","7,15882447291708","6,70111225821974","2,00749275438856","2,50699151229149",A24
'L_PSL_ROI',"4,99180982433726","3,05760965304351","8,47957934429694","7,22637250958034","5,15363907220048","6,3377946807711","6,30646084186812","4,42871342667765","5,2624832666333","1,84649875979367","9,51421227492091",A25
'L_SFL_ROI',"1,34649480577095","8,01506112426581","0,247585664131425","4,64911032729758","8,17116924743856","7,59578135613866","9,32771065851808","4,84734463441456","7,35341660627883","4,83173171159133","7,67948006815056",A26
'L_PCV_ROI',"7,46914316980382","2,12035040997987","1,86412929700408","7,68443786551149","10,5449700924535","5,3664288800206","4,34491973432498","6,26167262762866","6,75525715365528","2,32517023745726","4,30617412692477",A27
'L_7Pm_ROI',"8,13913408091173","5,6748132044256","0,448291652225567","7,10040557536346","10,8848488833025","7,61931277937668","7,57664693423695","7,19706431823342","6,35126979001938","5,32200216932897","2,06116455470644",A29
'L_7m_ROI',"7,4938279986311","7,26207947192249","7,15695646721685","6,04730651222707","3,7740738169853","7,55434291989381","6,10029398731062","5,54403599849336","3,63544239204074","7,07974488225545","7,34837529445363",A30
'L_POS1_ROI',"7,99352303819944","4,54849044849343","5,64611278183785","7,92516016631005","7,54744561719047","7,60439455870786","7,5303488479149","6,82578204141444","6,8554568473723","7,30559928573598","13,2307630624881",A31
'L_23d_ROI',"4,06211554386801","3,74027548655492","3,63884006520597","7,88699288057725","3,70123818417952","7,27644960771598","5,83566804282154","7,18794845431672","6,7308122678883","1,52038897520704","7,26312768639692",A32
'L_v23ab_ROI',"9,86701796719943","5,83064911916467","4,44586493212248","4,14170975874278","7,31985649402235","7,0395672817622","7,50200261936838","4,08971602946378","2,91805433847563","6,00447447004472","7,86304734173578",A33
'L_d23ab_ROI',"15,1463381001215","5,86888589195068","7,19607358469766","7,42171880149896","7,09250680331491","8,56289367289243","8,90562492145862","7,0877144785614","5,13774031426161","2,7569183037567","8,18858882546478",A34
'L_31pv_ROI',"7,80379447322093","1,76312964485243","8,7875739732419","4,69294617585501","6,43853580927984","8,0445090575592","6,45154843924856","7,06889083014603","6,96724165170842","2,66492652354208","8,59727562377808",A35
'L_5m_ROI',"4,77626992633073","1,70525156236524","4,83832090690445","6,95761025270483","3,04295931878965","7,75157934922174","5,81239246254766","6,50133336855968","6,4085953369437","2,24483756876181","4,75132074619229",A36
'L_5mv_ROI',"8,25213450770165","1,76399949451253","6,96265650420721","8,03904253285116","7,62737585275152","7,74456991215446","5,37819266183526","5,42052306523538","6,1688365680003","1,40424180963107","5,6808576061152",A37
'L_23c_ROI',"2,79639774723964","1,61000634123076","5,33863930043795","8,00199734499849","1,75841841957188","7,68862327599572","6,99762644280397","5,62639673785414","6,3985071042843","0,072716931674817","8,0866156187886",A38
'L_5L_ROI',"3,15749373182286","0,594419213090635","5,07224910493928","4,5312224239581","6,44837520128256","7,64907826843811","8,18186117766041","7,05262656237878","7,10945339193248","4,96392512048688","3,59097137473571",A39
'L_24dd_ROI',"8,02193115466875","1,86572729015541","3,42479258690189","7,96557863519135","3,72673436780505","6,91867200300178","6,8897311446054","7,18741174896641","7,20849636375646","5,13187204090236","6,42518051890321",A40
'L_24dv_ROI',"4,09098962105735","8,20728915303318","6,54233899376769","7,77278344506006","8,32956410962138","8,99677148354478","6,18889637503377","6,66482117409025","6,81393912869425","7,08753389220333","6,18219830060594",A41
'L_7AL_ROI',"7,10253018614383","6,76654934014503","6,19625077552491","6,04562939065361","4,46238468265015","7,57112310667929","7,56299342520014","3,42492319005192","2,20806486486774","1,08131837343892","2,94564229781346",A42
'L_SCEF_ROI',"0,988802523113864","9,23146813275017","1,13124446149328","7,16161611585136","0,625341907026883","3,56035096910862","8,44350672802447","7,23362624670178","7,03997006778013","3,67495137783982","7,6413249093877",A43
'L_6ma_ROI',"2,82799054603132","5,63433508983043","7,15053047798204","7,78039085481733","7,28306745366196","6,82739701945579","7,39636150052603","7,21081251758571","7,07183157102899","0,809121762321778","1,74437734744376",A44
'L_7Am_ROI',"7,36460407036677","3,37075892517996","1,07533060617747","7,8713609893307","9,15488913874801","4,79268983591688","5,18475231306947","6,06089056989915","6,43953673946876","4,33421660911538","3,88270187758875",A45
'L_7PL_ROI',"4,80980439598768","3,83083844036983","1,76302040466546","5,53371851553416","4,15341095173695","7,72713689860115","7,25601661080426","6,48319422199946","6,23393822486738","2,32159109333076","7,53229401085098",A46
'L_7PC_ROI',"4,64840674096623","3,63131036717616","4,96940986599018","7,31359470513102","6,09096763992162","5,33266092968984","2,19568921745946","3,64930179358766","1,80391068330268","1,1342399727432","5,3513549092431",A47
'L_VIP_ROI',"1,27339407823016","2,39776724982591","4,63902811393472","8,21411298330967","6,30280436747565","5,37600990805483","7,05013427124746","5,28456656430228","4,52271396061127","0,219579936917495","3,00393655324162",A49
'L_MIP_ROI',"7,44534012604754","2,26934296788654","4,8598149441139","6,91409649967924","4,67489466882146","7,65648508683401","7,37200975143721","7,19839834317311","7,08389223592026","3,60273857426463","7,75102766464677",A50
'L_1_ROI',"9,46837721457548","1,87533153246561","8,49036020590409","8,06961846182989","3,6025570991251","6,90031581463163","6,47629746808368","5,69983621216109","7,020965813243","0,062085383959676","6,17488824443968",A51
'L_2_ROI',"8,04125749658376","3,51523846148064","10,4870051253603","8,03919452132485","4,11556400982819","8,59131779970003","4,44673872766504","6,97827069349177","6,31409093190512","0,432185180453421","5,67207691453144",A52
'L_3a_ROI',"5,40996223343152","3,3794658026227","19,5489562924908","7,61598945669517","0,751473634158233","5,84930536880019","10,1603833674539","5,77503349227147","5,52315541828594","5,09294059399534","10,4176251700079",A53
'L_6d_ROI',"4,89692565853434","7,75299553200168","6,78078926052814","5,88990711603076","7,86103364700613","6,83643834472635","3,01671188320902","6,99525858294091","6,99372375307562","2,23450308406755","8,00041886032504",A54
'L_6mp_ROI',"4,73262818049568","4,93430371324651","7,98397506182348","6,47833430456042","0,980449393398782","4,0645496633732","7,55503124577346","5,60916615098072","5,55334797256112","0,785545601547171","6,93066326215882",A55
'L_6v_ROI',"6,78449064981333","7,90112824729708","6,08045682865679","8,64076682839793","3,34729934807","8,42914602113794","6,99335936769197","6,50743840329105","7,11191027687101","0,905559189840865","8,14844435939904",A56
'L_p24pr_ROI',"2,98422320696088","1,42413871715345","3,87361167059678","7,7511173124718","2,02675445963172","6,62301494227199","6,80596570025931","6,73352418842837","6,05052387607346","0,48042202212416","7,14950347512748",A57
'L_p32pr_ROI',"1,3000217788813","7,83584556578173","7,63552290743395","5,8506074688161","7,61206048568128","8,14740807395787","4,61729661410902","4,65933009976126","4,33489609812202","7,29956451349166","6,1873680822907",A60
'L_8BM_ROI',"4,57041949810013","2,06006413113507","0,783202428829803","7,73617602770464","14,6719399041678","7,80701473263392","5,55055777740655","7,2619951060933","7,57477536555051","6,80713735830573","0,99939400450494",A63
'L_p32_ROI',"4,13077005092406","2,19608604596601","0,456338948248815","6,68813267432961","7,35713486438642","5,83956466948927","5,31259954941991","5,39541986487423","7,24829009803996","5,78468763032874","3,49070571464732",A64
'L_10r_ROI',"3,95215962029011","5,78372336423008","5,89849557011701","7,640210521267","7,92575505638906","7,7510367067435","7,29030871071465","6,88680893474714","5,94880623976254","7,99168850693824","3,78945862498188",A65
'L_9m_ROI',"8,01295952899522","7,95959057147398","7,6678957869905","4,07008692655799","3,26652496148202","5,17143880779545","7,607706043766","7,02343837722153","6,18034010924303","2,39693441529851","4,49575993855194",A69
'L_10d_ROI',"4,49208521910231","7,99074997474652","4,58361680992929","3,92118577184024","7,97549381000467","7,9109294912652","9,35731597132816","2,9193044530431","0,789541662085395","7,38450153435368","2,527506929288",A72
'L_6r_ROI',"0,58389765184596","2,7174906929374","8,71546540436984","7,99066346217664","1,89377157900235","7,13543347827252","6,91377940965529","4,73665070867157","3,81068028586126","4,2678701523127","2,67870154262762",A78
'L_a9-46v_ROI',"7,00768943100488","4,22544807081973","2,46739896256751","5,76906758681961","9,13683193399106","6,03219410170721","7,66454479816123","2,52590993327462","2,82067893856961","2,00449144554579","3,65615258439102",A85
'L_9-46d_ROI',"8,59382594008533","4,11551620402331","8,32761810506114","6,69861127617922","9,01252131123893","2,20504241222229","5,33080653707169","6,19161386518994","5,57018064167206","3,96480843852214","10,0365403776588",A86
'L_10v_ROI',"7,76360272360495","6,33303107223615","7,33880539547413","7,23624919722546","8,09362274887656","7,53663805162825","7,47111888973019","3,31200984911916","1,55066347290721","5,65081687157292","0,710945901980214",A88
'L_a10p_ROI',"3,39295625050454","2,92680489951872","7,77229243055786","8,00150951689547","7,7811831941838","7,56805448822892","1,52771628341526","0,09972618928803","0,039817543858418","1,574739715866","4,48044566639732",A89
'L_10pp_ROI',"3,48983056944418","7,98318295837289","7,86189520945235","7,86016325492231","5,63819578272612","3,39380240550984","2,02566523710333","7,04500614765369","7,19522111582101","6,92916655515408","5,89356785917521",A90
'L_11l_ROI',"5,0375122375317","7,80706653940966","5,11060648874589","7,93604750513727","8,01390263636428","7,24659578712615","0,949434146581387","0,826918079571507","1,59932072383007","1,51339357580368","0,657970904475735",A91
'L_6a_ROI',"7,30046384289721","4,44968577798422","4,23783583361904","5,96016139940023","6,44087103695594","1,95623633301288","6,22795142367134","7,00886540057366","6,03853571520148","0,87523136368987","6,89919938400239",A96
'L_i6-8_ROI',"7,31850426024082","1,77359790476256","7,22666157271727","7,05526676778284","7,95288730075846","7,12374444697177","4,67881725276342","4,71617694151858","4,86356454330002","0,706508801414606","1,77322301230501",A97
'L_43_ROI',"2,39046217628602","8,26391160713776","9,00003628738291","8,30168755716639","0,662987561600729","5,59103596587888","9,66392043012483","5,74018974630348","4,50902382879809","5,77356338066764","8,85587458403468",A99
'L_OP4_ROI',"4,35101983482546","7,00321258175029","7,81913792910178","6,66591572785401","7,39913510587014","7,74096937449806","6,84160315888668","6,50642174147097","7,76737357818146","2,41097431582225","7,38252026778717",A100
'L_OP1_ROI',"7,81750093288155","2,74000672903945","11,4058915689796","3,57886612518144","7,06025866074016","7,51421521062467","7,42311850829772","7,13917786550055","6,97174585055754","5,49260239439451","17,2467556060453",A101
'L_OP2-3_ROI',"5,32051886476567","0,478470565153869","2,89044127308833","7,83788168641759","5,94583966855401","8,24839103289882","6,95780911484892","6,22671356370186","5,7680180542322","6,22902578264319","11,530256385225",A102
'L_52_ROI',"7,53591363544346","2,45954082023785","8,74840726856891","6,04396229220149","11,9166198060747","8,18613293526741","3,97935849758349","7,05816575008435","7,22892776563295","7,1084989970625","4,15877703743154",A103
'L_RI_ROI',"4,55900362128785","1,033530133288","6,77988430052615","5,00702242726142","7,60786947800659","7,78121777153452","7,48255761856305","4,82945152394204","5,20162610425105","1,61211207999055","15,7417838579358",A104
'L_PFcm_ROI',"4,35371339390839","6,65835621718552","7,49818836235826","5,25759425891051","6,63784215861633","7,73208678968599","5,83949574126","7,21317145163958","7,06143843435083","2,74831650416051","10,1997615270485",A105
'L_PoI2_ROI',"8,80414737417123","0,012891207142105","6,21891475303463","7,96811123658873","1,1381052524461","8,03729201880515","0,801611056607707","3,82006066698514","4,28872418373318","6,76733378380186","7,82726500562074",A106
'L_TA2_ROI',"8,30325865155941","7,33253394680647","4,97698233853263","6,35550635825305","7,08331846565104","4,17125880015445","6,62332237074942","5,39380974777031","5,13136355983871","1,4817214653014","8,42330421278148",A107
'L_AVI_ROI',"7,35153316768898","2,10953983447896","9,57402007999096","7,34692925899873","9,06953339621407","5,29240662212059","2,4154910628655","5,03725017431964","4,06163918810411","7,44493530073522","3,92927851729256",A111
'L_FOP1_ROI',"1,27626417391539","7,28889299001167","7,63579412423604","7,74551706609882","3,58558318100749","5,8375027357895","7,58288407511236","2,95891424649401","2,69510285249692","4,65455543764362","3,79603877203608",A113
'L_FOP2_ROI',"10,646520800852","6,1078519141622","6,26800853213789","8,65677944656128","0,732603027076319","7,99783065422607","7,48582426458215","5,04764770093053","4,45882946828262","6,62461751458581","7,62968771579845",A115
'L_PFt_ROI',"4,96328935690579","2,59640370750413","8,02477113728752","7,95419615094134","5,59143016641887","6,82881363929929","6,01331339927425","6,36053971794064","5,73004553032617","2,38445282166074","7,86650235643554",A116
'L_ProS_ROI',"6,0362379861435","1,00239667876542","0,874122345551355","2,45885918785592","9,89698983188618","7,0068602186006","5,90966598648055","5,27942655922309","4,40374106508093","6,73943470457249","4,02288305910917",A121
'L_PBelt_ROI',"6,0145822428732","2,47678248963121","2,51966458468141","8,23906110024788","5,85452330905384","4,44073036245011","11,744497487769","7,39288778350009","6,94080733777836","5,80431187634973","2,12073460776319",A124
'L_A5_ROI',"6,3927594212846","3,30185857510938","5,86593390796591","7,38709674628465","5,64417251649503","7,63130141033717","6,2730380946722","6,2936210285317","6,49956340477077","1,16844941775863","8,5397736308354",A125
'L_PHA3_ROI',"1,76661644820438","0,064339633797486","4,69144968787112","7,70803376112321","7,75589168786455","1,88410635100856","0,824733926512721","6,94356488074065","7,26016597043007","3,63975021932332","1,80994843420783",A127
'L_STSda_ROI',"8,10901958813467","5,85730074459174","2,37670091709357","7,02537466751006","9,35379107443804","5,50945087682679","8,02127018008809","7,23705555529843","7,17957264784076","4,62840878440238","0,323412441942972",A128
'L_TE1a_ROI',"5,75010130416509","7,2059401412688","9,55698519382794","8,08345756133435","7,07839516170006","5,86746947803583","4,43046780772091","7,15635707747546","6,97053480653391","9,57631355774637","8,22873625032193",A132
'L_TPOJ1_ROI',"10,6214299082427","1,06843542957048","7,37548848569584","7,72776980038374","0,092417648918696","7,82935541451105","0,643375261315409","5,029062589457","5,26593882491975","5,8719048254781","5,12828140852207",A139
'L_DVT_ROI',"7,74174709586943","0,288170707031276","4,05393907508654","7,45059312104201","1,83675039820457","3,69690988350079","10,6669133149771","7,00485566448503","6,81755297943486","7,20513151646922","3,37721851852695",A142
'L_IP0_ROI',"6,32697934040463","0,238561346111702","8,43523739897533","1,38188935441524","7,76626646523972","6,30404047588007","3,45188704969659","6,45028178019314","6,57315548676647","2,37608013500647","3,10933842862811",A146
'L_PFop_ROI',"3,00897238115529","8,65208693083964","9,43943125435734","7,17782992158777","7,92877136935836","7,41344090581215","7,2577076422516","4,49734133683761","3,60349921410955","1,44232740251659","7,9087596786653",A147
'L_PF_ROI',"8,00298173261335","9,89866169894479","7,66745022714784","7,65398462387379","8,18488835413396","5,37771135683766","5,87009791692331","2,3314631889556","2,5174879314614","4,32855337750929","6,4974203812771",A148
'L_V6A_ROI',"6,66693820723653","1,97329854873087","14,2379198769312","1,06708209309212","7,78671447396007","9,009602531258","5,84974048062322","7,20470740568271","6,80571796148209","4,58949317996379","10,6830573607052",A152
'L_VMV1_ROI',"7,40692434292886","1,32926527430782","9,80794689025214","8,61404180937745","11,5688605979343","8,45427924366587","7,20512202331399","7,05465651599538","6,71766697664952","6,13828828497947","13,5974588706168",A153
'L_VMV3_ROI',"6,35616369034929","0,339013468699466","12,2729111539256","5,13453036829064","6,99755334851406","7,43503179516799","6,42395425062174","6,93464401232749","6,36656744240247","3,27586720013607","7,02322729194731",A154
'L_V3CD_ROI',"5,93207833109797","2,47295142204362","8,60970224801698","4,58687112264586","9,4701164498447","6,4750372943618","1,38266256457424","5,09976220747822","5,31902731178196","3,50009430681525","4,0242060271784",A158
'L_VMV2_ROI',"3,90959448531406","2,06263040974512","3,44107628125175","4,98311240926109","4,73354498776245","7,79170464080286","6,64955270054786","3,62463060741183","2,71897574484978","6,65341128338917","6,79816678312503",A160
'L_31a_ROI',"8,11112112951441","8,03172008036168","7,05239733584662","5,73151149875165","8,20648384837652","7,22273285072251","7,71865137870198","6,87724025480166","7,70744366472938","5,26957606267576","6,31797846399195",A162
'L_VVC_ROI',"7,95073416860009","1,34158186291288","4,3874376177963","8,7010078589599","8,17134248515909","8,61688499820314","7,21783250817207","7,04253790716426","6,18502846351647","2,48643691827151","9,99638785296588",A163
'L_Ig_ROI',"3,52267724770882","0,064552740289657","11,6744538188226","5,68664092191296","6,08645227329641","7,24141995022361","2,75514335375457","5,13273780583548","4,31845124313159","6,4906330377922","3,84781066725652",A168
'L_p10p_ROI',"8,54431929986127","7,83908941530871","5,82002135782985","5,86655516595062","8,08464639888902","6,18293501911828","6,809534130942","7,20954674350657","7,19809936746419","7,02491989808593","6,6007853864885",A170
'L_MBelt_ROI',"5,12026611134453","1,53315914030945","13,2249087505926","7,92603162039296","4,41543780023943","7,75329607626385","11,4607806530425","4,66036093046155","4,52637292922022","5,43695209426848","5,61902590655757",A173
'L_LBelt_ROI',"5,75401876867942","1,96477066951275","8,05522155733442","6,62694523424346","5,26161071679838","2,84233894349395","12,2942429846607","2,29546438222093","0,872608900019427","3,13842591317147","7,68704288457948",A174
'L_A4_ROI',"4,45258657681774","3,45855840735858","6,26437958397923","8,18386251260844","4,19264929958102","5,00960901540247","8,52062323530542","6,73332087125045","7,50998901100153","0,729316589740655","2,18554700758739",A175
'L_STSva_ROI',"8,23717782720252","4,846678101103","9,75170718867453","6,01170643455161","8,68924460996435","7,92821818884971","10,4477925588747","6,55760311437004","4,48538179289612","5,56381743651693","3,69240178725075",A176
'R_V1_ROI',"1,61435824853382","2,27948565152356","3,33625677250139","1,86975534543915","5,38552597858833","8,05522379343786","8,81709453506167","6,56978766913568","5,66068723886842","2,47481424476273","8,92687972557961",A181
'R_MST_ROI',"6,73531009155363","7,5820233283895","6,11668928822438","2,15024865487914","1,95434985804583","6,3960637503944","1,72468623803578","7,22212421430756","7,22783906518998","4,0299445992538","7,94731526407116",A182
'R_V6_ROI',"5,81499396333904","8,49048743603349","8,89178265990051","6,91244671012439","5,46101673240672","6,64769614915825","7,21897109826506","5,67753634715068","4,46853177313315","6,47901435988519","8,82930969110073",A183
'R_V2_ROI',"2,35184209964203","0,829556462396866","2,67837365055161","1,63059540889958","4,2685078682256","8,90259156136156","10,8703457142154","5,78240398836074","4,74318736314847","4,06044700765347","0,917021791013319",A184
'R_V3_ROI',"2,63286098743026","1,18974358455931","3,82903380796088","2,28525410470164","1,87993138120746","8,66385204066688","10,6957680640891","6,77773058541468","6,09242788884698","4,03679531926244","1,76185702069622",A185
'R_V4_ROI',"9,64728835036798","4,06654585618562","3,60329076424301","4,49272025525978","5,27727510443854","8,9524406803912","8,33314557293581","7,18343927332123","7,20883189667001","5,32694075240659","8,90148428093625",A186
'R_V8_ROI',"8,81180580828955","0,294619625342882","6,48648817399905","1,85268371738409","14,396384338668","7,81925992841208","5,92042628315604","7,15265723883605","7,20851682132259","2,987317638071","4,18621103900028",A187
'R_4_ROI',"7,20400957806914","6,74879168011745","13,0582415037306","8,5158173932937","2,68597853836132","7,74668810511688","7,66922453158611","7,13272111379742","7,11698084407071","0,728048966276596","15,4041628772036",A188
'R_3b_ROI',"2,96371952454096","3,16339205276767","11,2329776158379","8,37105953487865","1,26946844189854","6,94363138119841","7,4371793353966","7,11312527975426","5,85926439007795","0,648468716599384","10,8956790615248",A189
'R_FEF_ROI',"4,04365279011918","0,706372489733497","1,72383106716593","4,86908732092901","3,2547741834946","5,91472246252548","7,39946189105823","6,76815646595739","6,89677996217886","2,00704917257773","1,3945955168643",A190
'R_PEF_ROI',"5,66137628611168","0,253260309475518","0,513708695022401","3,20760950368651","7,94229761522684","7,77358642828055","4,22834411797007","3,88631095307718","3,13246781333177","6,40382776477817","0,762067123652027",A191
'R_55b_ROI',"3,9505105764542","2,24795251204223","5,57534877447171","6,88348635229113","4,22914768009778","7,17879101225307","6,26774459525302","6,8590735379644","6,00452041824152","3,76262609743932","8,4264595495235",A192
'R_V3A_ROI',"3,58042823685719","7,28633706347491","6,03487551534338","1,06781807091481","2,64334742874453","8,33304733113618","10,6453885922221","5,35974193641369","4,83099632838713","5,51406646992407","2,35966036541408",A193
'R_RSC_ROI',"10,0695439746462","6,57073780884438","6,82903230275769","7,71329117944529","9,21308681531603","7,66719049447032","7,46044816047495","6,95413160598736","5,99852695383896","4,13206834538632","7,81881596981451",A194
'R_POS2_ROI',"5,25229642385494","5,74660550199025","1,89939785437063","7,41779489775666","9,69300541922142","7,15170772563734","10,3672879785246","7,25683037670757","7,45048378844055","7,63728236953295","4,91762594484639",A195
'R_V7_ROI',"7,28185346043836","9,59814359588648","3,68623419599805","3,29186874845394","7,91189950737578","4,3076494470063","7,97622113687756","6,26148181791493","5,10191835213228","1,12304683233","2,01718340451179",A196
'R_IPS1_ROI',"6,4999346920216","2,21746574245495","6,8317225835701","8,62625500733123","8,0616953998367","7,73559769006036","5,27306175120173","6,37405044125097","5,14022950036848","0,200657766452217","5,47930192115226",A197
'R_FFC_ROI',"8,8241306925581","2,60230387393495","4,29345777841907","7,16199419474754","4,79031561650649","5,65196030638133","8,73024605091948","4,19872415374015","5,12059509891624","0,293717192364605","2,51750508929539",A198
'R_V3B_ROI',"7,19690350484787","1,14697777742623","17,5282556991208","7,16227708012056","10,4682137024489","7,7263264548041","8,52310889715469","6,62407029329255","5,98396974765083","2,55010715815836","7,93764573460366",A199
'R_LO2_ROI',"8,75284527622544","3,49545522592789","3,88951363499173","7,86648457975373","8,6721475612519","5,98905657804459","5,80762697810829","6,53330808800869","6,93257780606163","7,08964391917091","8,31219436954513",A201
'R_PIT_ROI',"8,87963090005875","3,11992922660305","7,14837933099171","8,13955529034807","8,13506476085241","3,47481600694673","6,87875247363795","6,79501572264545","7,08332618868718","2,68075303012837","7,50607693158712",A202
'R_MT_ROI',"6,52191079799792","4,5043350374188","1,22763592066033","8,13593904661112","2,88709257103599","7,81457675660941","7,34197898329786","3,90405697064224","4,87274022442086","2,56243986288103","5,8987140197407",A203
'R_A1_ROI',"8,24706436222659","2,19040122205784","7,26417690790448","7,36159031465699","4,0614239144261","5,06597088771049","9,1525755490527","6,66459247339564","5,43850857792787","5,23733929614408","4,71606733749951",A204
'R_PSL_ROI',"8,08280292160804","6,03234328755492","2,92163787854619","7,69305863192614","7,8131570189919","8,27012519787522","7,12191924673874","5,750984832951","4,98727338371281","4,05037667455107","4,9303885786976",A205
'R_SFL_ROI',"5,21730135756901","6,06340382608136","3,88662951004225","6,08410467250905","5,89532791345248","4,78862330633011","6,35619692871685","7,21032217077325","7,04570990896802","1,64715740287685","6,40175518284463",A206
'R_PCV_ROI',"3,2382145330543","1,74970847368596","3,72832403395464","6,82034632673989","9,52278700225208","6,20684028458096","7,0759859606281","6,72152864062453","6,45023961690952","1,69058093805622","8,38828028208363",A207
'R_STV_ROI',"7,83347784920227","1,37621491648251","0,418840629028168","8,14600222947022","4,89078385382141","7,46029857628356","4,9512866454161","2,86892131660876","2,32841295181036","4,93323230704431","2,26143619975036",A208
'R_7Pm_ROI',"2,21769091374338","7,02792494736353","0,371923437296016","7,88296997156709","8,57183798626567","7,50016736633016","7,61389005659349","6,41843761989732","7,01998420895149","4,44856801538646","2,045468624241",A209
'R_7m_ROI',"7,57936861293899","4,14173952664182","0,423607274237266","7,98657924968031","7,8522975172076","7,95389358781246","6,96618173472403","6,86353065477704","4,71979365772102","7,53522785682869","1,45272495200299",A210
'R_POS1_ROI',"6,32413365062287","14,2531108888381","8,9142883417734","4,6527907612551","5,45603576025575","7,5988399232247","11,5331389187492","6,57946444987971","6,33304868179935","6,67769726046211","16,2618641083708",A211
'R_23d_ROI',"10,1135504979297","2,84173381272887","5,77947891235948","7,78743033948068","5,64902109124161","7,97965660367279","11,1036313596992","6,7965467361423","4,77107443563917","4,62501131906722","7,55731244395559",A212
'R_v23ab_ROI',"10,437905050449","1,84488510463545","8,65423042695054","5,09883399329113","8,3588640768186","6,2464879092689","5,33136171148878","5,40965547028182","5,05436168795393","2,74486951578848","15,8363432750138",A213
'R_d23ab_ROI',"6,05605845116714","8,7148867680292","5,68761325088661","7,54618396238124","6,76355290333875","7,77900073962095","9,26010013880908","7,25076957781371","6,29781868197993","1,14975953746447","7,79887169634034",A214
'R_31pv_ROI',"3,81879378100189","7,55208948032537","5,78634111502008","4,8487999965267","7,27784512520926","7,23043101270265","5,58206591329931","7,02796116239656","5,53388054278076","4,96992765485179","7,82822051179348",A215
'R_5m_ROI',"2,12057937906936","0,235413096311772","4,64832918897721","6,67209656954276","8,02086219425686","7,77917269472104","7,5381835693494","7,14610701394097","7,33328246111383","0,695308328452152","6,02103851729082",A216
'R_5mv_ROI',"4,95002168954106","0,012654928610645","3,99665057803522","7,34388262715377","9,05648819608268","6,99313664390508","7,47599933982158","5,97759661077248","6,9358488854254","0,552208531226865","5,95423196572578",A217
'R_23c_ROI',"6,93596906070336","0,390865234497138","5,89060606114011","6,60772251506142","9,13719896267498","8,07722431718997","4,62516311083611","5,49165383158904","5,31600105094425","3,91936226343858","5,33478427585549",A218
'R_24dd_ROI',"5,04141192923104","1,52473172869162","4,54899170405259","7,77432006097004","1,13922475012212","5,51629728789096","10,5101531949615","7,21361427948841","7,04158859601197","1,72700887160932","5,86094385859224",A220
'R_24dv_ROI',"0,795680928574089","0,633764732368563","4,28297242633934","6,26258583615983","0,194231953151356","1,32874504900567","8,25557054204217","6,89439328060536","6,42564979972967","6,98706118598914","5,11182588380802",A221
'R_SCEF_ROI',"1,33814015395921","8,41998436282819","2,13426497551134","7,90304573755458","0,710699541594378","6,05036612644354","8,09512653238103","6,33687227119054","7,1629839202458","5,22224528189538","3,57028872382692",A223
'R_6ma_ROI',"4,42714030993115","8,31568279105058","2,47419932595401","6,57615395200275","5,67753568618865","3,50921898119275","3,8470241272522","7,14810465391388","6,94197067331203","6,92719796374255","9,74904762105662",A224
'R_7Am_ROI',"3,50931765073145","5,07714425702225","2,8803957494326","5,67311890474835","1,69750271923003","7,84727314826268","7,07760885487614","6,1424617358995","5,0324933026892","0,548625525049892","0,993796519461444",A225
'R_7PL_ROI',"1,87962883152139","7,32767280174652","4,58350735639934","7,73029007519896","5,89918419632384","7,52753315616893","8,53908010434844","2,66622253892049","2,14935305121205","1,94795758685642","8,57158428701833",A226
'R_1_ROI',"7,97868451502419","3,40885244759921","4,13138109965146","9,29813708078598","5,26473674081208","3,23611316288651","4,74393340667809","1,30102478396667","1,78927333597223","0,330131497012076","5,76078444887601",A231
'R_2_ROI',"2,80254400461802","0,423895422220372","0,459153716969265","8,29423419696607","5,53349658316524","1,83455243383923","8,59679551532453","7,1131983040941","7,64282097906942","1,28294159113144","0,740519940865218",A232
'R_3a_ROI',"7,81157046577821","6,55563685655567","7,93597626802224","9,08178570745823","3,58788472074023","6,1714106058734","6,06471936322145","6,18536579940915","5,94429092009141","1,95326799925015","8,85047791623491",A233
'R_6d_ROI',"7,3223519503471","7,63769239876557","8,78100209996356","5,87216835583311","1,20302104082676","8,33070758764781","7,27503186804063","6,16662557113224","5,91931061151983","1,26722938968224","5,546626456973",A234
'R_6mp_ROI',"0,621252039263246","5,19824904545892","6,93937213957509","5,93553060588322","0,943720302126864","7,53037534659861","6,82593786662444","7,21737290273705","7,17042255278462","2,18139109677704","7,29033424223222",A235
'R_6v_ROI',"4,86494363718988","4,18307196420697","3,97648358295219","7,93590285150716","5,67237881852715","8,27219314111002","9,77902700733075","4,67415315581638","2,68647340819574","8,42852161120995","7,95555688457871",A236
'R_p24pr_ROI',"4,08544498710118","3,69600485728503","10,1372981273888","5,27609295088757","6,8279486120498","8,50517320782706","9,43602007101798","5,69245549227408","7,70962520799949","6,02327031418011","6,8242287769016",A237
'R_p32pr_ROI',"7,50811240110003","5,90852190730867","2,79839670613188","6,3505281262881","2,22268992453424","7,93574562826548","7,20048094372519","6,63982761410973","7,20577154835743","7,24594326277326","7,02134384902633",A240
'R_8BM_ROI',"6,91692002933349","7,25121293778034","1,27113982603679","8,14272333096244","3,51485738851526","7,54408361146289","6,91014874743819","6,99521864558428","7,0570165300547","7,63182087467736","5,23153579667942",A243
'R_p32_ROI',"7,5816959315887","7,62387999307349","6,88990446951273","7,809701467122","4,22197418402677","6,61130173531504","6,24197672726868","6,6926261342757","4,68184633492236","4,95589330110657","7,28838245275151",A244
'R_10r_ROI',"7,8097935174728","4,76477229042769","5,27503153061044","6,30703473314656","7,56213011886563","7,20273899668622","7,10846229623333","2,63126724256603","1,11424432666106","6,41494331054384","7,91215442831125",A245
'R_8Av_ROI',"7,66275338555722","1,65860314912244","1,38789757562123","8,03028144185234","8,43121812229706","7,94028057611131","6,71476663018742","5,86070940020305","6,20346247355822","5,95121180690955","6,67462186849653",A247
'R_8Ad_ROI',"8,35108997260993","0,597198528465806","7,83604345589113","2,78708612983125","7,83399476400704","7,74606802383717","5,36518032182774","1,19716586510008","1,36443820663586","4,51214572807983","7,75405881393552",A248
'R_9m_ROI',"6,48873033510893","5,69137181024488","7,75131069187927","6,94347380889636","1,80641999683026","5,83739766594374","5,54980478873473","7,05261352334919","5,37930662006795","4,1602440230919","8,0643619715023",A249
'R_8BL_ROI',"8,22789736776507","0,071355963658985","8,40495177433065","5,30031932880165","5,8106617465797","7,58156880064556","3,79692346268432","3,17812644653476","2,69860414238047","2,22610662228169","7,80006030697679",A250
'R_10d_ROI',"5,60534810288953","6,7352431625421","4,12523105336212","8,28894108072092","6,57932587150605","5,45930275923033","4,48005409910126","2,20551882044352","0,953145902542688","1,13001523260103","8,00988923979654",A252
'R_44_ROI',"7,65808389139641","8,01428918405699","8,01247095068495","6,9230486906699","7,66709394443507","7,73249581658178","4,11821613895157","7,20425829259226","6,862858895687","5,50723808539241","7,57105999683113",A254
'R_6r_ROI',"3,97632752638117","8,43438815585239","8,13698898007349","8,10198029729577","8,68229024167291","5,93139931442477","6,22708962489645","7,02704521378429","6,1159205558042","2,40794672458283","7,14560750407174",A258
'R_IFJa_ROI',"7,77354746012734","7,00664864428158","8,5532043505215","7,86502494738964","5,73117917855306","5,34873711867511","2,27868261749531","5,79621810622455","6,17779533397639","6,23104126291571","8,31216874383844",A259
'R_IFSp_ROI',"7,96404686391325","7,62491243117477","3,75689303947982","8,65330997093056","10,5402372145891","5,14543776628391","1,09081317751528","5,57289034250031","6,27790709170712","2,73130117558565","11,6169553070796",A261
'R_p9-46v_ROI',"6,89094342760572","5,23282652262487","6,14653164001233","7,67509168209213","8,44643237008241","8,42704420232122","1,05422951249164","7,10107635711678","7,67590047048015","1,08033774493899","9,77477347269288",A263
'R_10v_ROI',"2,94977320277633","5,71457332177313","6,73177662723421","7,91960734655756","7,37856792805369","6,94916763693871","6,83451651582354","1,57047694936686","1,07900594331698","4,4555918188609","3,07978500317939",A268
'R_10pp_ROI',"7,96100285283566","6,8451606904908","3,68435128955139","5,27009383909891","6,33973902628901","6,80867892177066","8,23978782218983","0,578914762754969","0,279138680682821","1,11594470671853","8,08169170126067",A270
'R_6a_ROI',"4,39481662831853","2,89612003987177","2,14771075384308","4,24446281800263","6,5947207397852","6,99753009073254","3,64877961806544","3,26396161679596","2,52647977643502","0,535397331502951","5,33921276825312",A276
'R_i6-8_ROI',"1,48597663557095","4,64052942418574","0,623999068109549","6,6341427612229","9,57728203326061","5,20620933676186","4,07149674359879","4,67887512012929","4,12780577034971","2,83180350158576","9,80447008072284",A277
'R_s6-8_ROI',"7,50918409984288","1,55533258941866","0,732225454785055","2,26415941079947","7,51046496551392","5,55577234661176","5,2762743446702","5,0765672483731","3,61097562337001","3,06044988639172","1,2037605227304",A278
'R_43_ROI',"7,06349873345876","2,0166252320964","19,0659110092368","8,24184223793399","11,6180467578929","7,43892981204346","8,00075286085805","6,63551787548367","6,9255487833917","4,91792103247828","18,8467445760565",A279
'R_OP4_ROI',"4,30253589931076","6,54253662797562","7,89639622893435","7,95822627144071","4,17620639211367","6,46309702982327","8,08165031583701","5,8932864907546","5,50141461851852","4,4341461537803","11,2246290770665",A280
'R_OP1_ROI',"11,346816621559","0,302707094732531","9,03461319651876","5,65554258207327","2,77378383831809","6,1871824428957","7,64867542236446","7,07543696604136","7,18218555298759","7,23146268007286","11,7233002693302",A281
'R_OP2-3_ROI',"9,49040195482437","0,160859600006494","6,80125031703803","5,03462882814231","4,90718565965852","7,84104707227005","4,30105203386051","4,0448796320116","4,86008679529122","5,26891313399882","9,1915199648267",A282
'R_52_ROI',"6,84751651029742","5,79583937453669","7,8832893646138","5,04208476513531","4,57133813222254","3,12803160537792","8,6875183910956","5,40277852485706","5,41052334910827","3,32883605163503","9,7457130313391",A283
'R_RI_ROI',"9,00100398983145","5,34801974488952","7,92165093987253","5,61087909101727","7,92903985449983","5,94518467977079","7,18744862429811","2,17000951460346","2,05093643447541","1,9818989990807","4,2506733499683",A284
'R_PFcm_ROI',"5,79106640985795","5,58601198265328","7,76807716363405","7,54592846909282","8,0277145576637","7,19306054618249","7,24209593469781","6,41585990547072","6,61729551035597","0,511855586035971","8,24124826088086",A285
'R_PoI2_ROI',"7,96921900870913","2,32630377040338","16,8587053240285","3,6387978128345","1,13410358720134","9,71919560367666","2,80196080097792","7,30529307724073","7,34364439441726","7,59266898031028","7,6981362757272",A286
'R_TA2_ROI',"6,98670474008056","1,73597805061542","8,32043116911443","7,9810136136916","8,86935838961093","3,12486429275919","6,4427026377256","7,22917242770315","7,1270558665598","0,325133815154022","8,86178518325123",A287
'R_FOP4_ROI',"8,21658508088709","8,11093868732784","0,305339122705761","7,00716878963964","8,49955332837328","0,991743427576818","3,754057521882","4,16213764731621","1,38552253666658","3,11718376365665","1,2017211668492",A288
'R_MI_ROI',"7,96347870560058","0,090859223691394","3,98559628084905","4,99354762223655","5,2839363086249","5,23503473352869","5,33353824177522","1,52201177695983","0,813148380602971","2,23867660885411","0,601834098271777",A289
'R_FOP1_ROI',"3,82027712895621","5,18528188249117","9,50436257525422","6,49727972853963","5,83653128816908","6,7790439862506","5,31501611360139","4,4217755044363","2,28413017735354","3,38375577343032","8,03090037315136",A293
'R_FOP3_ROI',"7,9173525735063","0,853736541729074","8,9773791801617","5,25921878497198","10,1096600329198","3,4181664327189","6,69706833203843","1,44049247737523","1,89463248080895","8,45254028101473","4,66354408680494",A294
'R_FOP2_ROI',"5,32100053624046","2,20459598325436","12,0323371033127","7,82122777272216","3,09357529387723","7,37857809159719","3,70520448957336","1,02274102798248","1,65447233868369","7,11960774273116","15,3037632278139",A295
'R_PFt_ROI',"8,52188704149042","2,59159043951805","6,46507414026908","7,26146706955595","2,24988839252074","8,66115410171722","4,58841610660211","7,07749140717723","6,27257922267624","4,0155539319063","6,2669501928503",A296
'R_PreS_ROI',"7,67170495218208","1,7620051873009","5,90035049998435","5,34218099533492","8,54637328837976","7,15979183415419","7,32554826316318","6,92444474100827","7,21856852920441","6,81642929379295","3,91998369427353",A299
'R_ProS_ROI',"5,89148084978305","7,34243921250521","5,34070109981059","7,05126036978566","7,93457637617781","2,3656582516965","8,51561482700675","5,02655105445104","5,83490431111826","7,54476170902844","4,84378458767884",A301
'R_STGa_ROI',"7,8862624544118","7,58822726055722","7,89648411987804","2,48273145990923","7,94554361497246","5,3689423302857","6,92355614023899","5,31193394111523","6,59326123847815","1,83607494986231","7,79473267076526",A303
'R_PBelt_ROI',"7,10982170500336","1,09105840512352","6,56255888889353","4,465332028125","6,02534322331583","4,20168300630058","7,18465136394513","6,50571069008091","6,8509409454157","3,26354260842569","4,8520796983796",A304
'R_A5_ROI',"7,16117089661289","3,26388884736962","2,34523788635432","8,02659606062974","1,27189239090369","7,48874189012304","7,19972263382452","5,76601326045913","6,51044101763333","1,21001373545908","3,57614839811598",A305
'R_STSda_ROI',"5,23040957619709","5,08736710667882","0,186183606402265","5,5865334617592","3,40373417744133","3,32420301783878","6,93611872949284","6,67527735022336","6,01746229944095","6,47275536293247","0,177161631367712",A308
'R_STSdp_ROI',"5,23879690458938","4,21091295941103","1,91905074290397","2,3514527429496","2,37985159765502","4,43972699040079","7,21600747357286","7,13529616005001","5,74712866818499","3,91955735420862","8,40761112722252",A309
'R_STSvp_ROI',"6,51340696990944","3,67058115528393","3,50715506904769","7,69024946938532","2,26257029487184","6,65773851042074","5,51752398364237","5,93850662660111","3,87133173207895","5,62695171079963","6,61835910269508",A310
'R_TE1a_ROI',"8,58404955640228","8,06835830555844","5,79523432909336","6,78831291801015","0,613845515213357","7,8453835367206","6,98102945989341","0,243300595856523","0,35338129722447","3,37415890219706","6,02508531618126",A312
'R_TE1p_ROI',"3,87994090350221","3,85383338423056","3,85073344365532","2,8308540116442","3,20924864660875","2,76198271467992","4,95681110409747","6,19257062418746","2,94106501134122","6,20071095370793","6,37340465204298",A313
'R_TF_ROI',"8,07729129306527","6,16677743934053","5,23485523694146","5,42852309056922","2,20119905602082","1,16201687196345","7,20449614293039","3,3677059727104","2,65624408721478","7,15784652760354","1,98825219379193",A315
'R_PH_ROI',"7,72277219241353","3,64525711488029","4,11613236758398","5,80261629390035","8,27154120797651","5,95255585437762","6,53270677691299","7,17304830678955","7,13352337900992","1,50238358932141","7,72254072563288",A318
'R_TPOJ1_ROI',"1,91195695321018","1,20310728111118","0,878666751736825","8,17721579480261","8,16119537426588","7,73943333304467","5,50450192794464","7,19057570794052","7,21926668938342","2,7552096571526","3,46093079650158",A319
'R_TPOJ2_ROI',"0,390014426298556","5,01783634886359","6,59183655762712","7,9327061007974","7,74062967275384","7,24625033259193","5,57229445284915","4,75385580227651","4,77182277396501","6,213546955582","3,25321142900674",A320
'R_TPOJ3_ROI',"8,54135297293846","1,43616750342606","3,07922734905948","7,49516307538028","7,23780487605495","6,27122254645825","8,03938871999401","4,23812896084146","5,19581684852379","3,7500604800527","6,75039670412973",A321
'R_DVT_ROI',"1,25914314889647","2,74036070963923","5,98128954987869","6,06918643188998","3,26821019060643","6,5228516419819","7,28861763536529","3,31012921843006","2,89052519303748","7,2035284734821","6,53103013173769",A322
'R_PGp_ROI',"7,10290220720199","3,86059567695856","6,61759718282766","5,58485724853527","6,46366362727595","3,23686245742018","6,91041806495583","6,78770179297786","7,19503884580856","5,76101500741854","9,7499766042135",A323
'R_IP0_ROI',"7,70767873226742","0,597918723676676","6,40312557596924","6,10368651869081","8,16569847744184","6,87533215583679","1,63111863774263","2,71066895448185","3,78831107520973","0,353524332121878","7,15671551440979",A326
'R_PFop_ROI',"8,02568697120046","1,43458576296892","7,72580991833602","6,62470841252085","8,20972780369505","5,04618145456402","5,18808367029648","4,30346277269914","5,7912904068056","1,14566661532606","4,93062225461566",A327
'R_PF_ROI',"7,39802312117634","6,68920485865528","6,03558933854296","6,54380649949749","6,71620280797285","5,2999278340198","7,15424057891626","7,17498547326317","6,99419260942135","2,86194952561516","7,84345903979181",A328
'R_PGi_ROI',"3,22227973008904","2,04183791840317","3,26647944737442","8,46096299000392","7,83951745511912","7,64240917792764","5,31976983279834","3,02042131590426","2,1189722324458","7,40920760773856","3,63839552924302",A330
'R_V6A_ROI',"2,24448038617023","2,97193389154836","6,72570808240407","7,36953064042389","4,28045319984796","7,67002567641698","5,97688796415637","6,29038389237005","5,34721488620664","6,31319436902022","7,40194905558681",A332
'R_VMV1_ROI',"5,98463902128267","0,748196452754615","1,88539010447247","4,83832050514422","0,973217315152663","8,27382482059487","7,31872690196181","7,14923252537638","6,19463713278799","5,26371961474304","3,91961267620872",A333
'R_VMV3_ROI',"8,01573124221361","0,609503741781517","1,72812795637332","7,02448175994604","9,10259675233313","8,80396349080365","8,02603334684075","7,21472265500319","7,21918559240608","7,1163400517766","13,603463027151",A334
'R_V4t_ROI',"8,01669661932609","4,05677304699091","5,45154961077783","6,34499195016463","3,4882339091051","3,35165470907399","1,61149312422011","6,38880948815456","7,00963842417872","6,98894033969858","7,02474427744407",A336
'R_LO3_ROI',"8,83732331937961","0,174904061972708","8,15436413775111","5,22685443989561","8,51177802298488","7,93499460549558","4,79549006816007","6,90753761836012","7,12824028918908","3,28114313662283","10,7584153051843",A339
'R_VMV2_ROI',"8,45534065783547","4,47281824989908","2,15506049705206","6,10699412911877","7,13706520416582","7,6411339199845","7,70361622358416","6,14383881338205","5,99117997337052","6,17896344549113","8,11790776243903",A340
'R_31pd_ROI',"5,35942400899267","7,50884890434527","6,29177725905717","7,48321859208622","1,91669840578687","7,76576995757574","6,93891453231238","5,73879350245812","3,09769207373433","4,22022390432928","8,83142126152895",A341
'R_31a_ROI',"8,73272482936002","3,64452829835656","9,08660396831724","5,30440373033768","7,60387407118036","7,56718001939824","2,38666283205632","7,19730460508506","7,24813970274833","4,09335963919763","8,32655582137266",A342
'R_VVC_ROI',"8,04450039666261","0,648332509269054","3,61637932026454","8,94910582963541","8,84680573521453","7,04751137493252","5,76323863875871","6,71407480270176","6,3078127475277","0,533664582088755","12,3676264723625",A343
'R_PoI1_ROI',"8,06473678308169","4,68530322026463","8,33881783650723","7,51597311007935","1,51477862373183","1,58993907820366","5,79756113801953","5,0255301615507","5,17841477797494","6,15441366240705","6,35388352051153",A347
'R_Ig_ROI',"4,53452201064209","1,25526075900252","10,7310238865195","7,59156208696143","10,5356499853039","8,76902193387877","6,66849265848785","6,62252662413747","6,94385586459073","7,07384131430927","5,21305362436071",A348
'R_MBelt_ROI',"5,69167940394317","1,93749668103752","11,9317362806134","4,93576786612114","5,41697342266244","1,20899877758011","8,40149861869937","6,8550548376338","6,54691576499425","5,2351313721975","13,7523348422253",A353
'R_LBelt_ROI',"6,08677899804427","4,16756461403169","4,92678538150327","3,33829286029519","6,62179671147945","2,50385829234809","7,73216465567809","4,66707221774203","3,28083834064672","2,56565409992922","2,3561393020472",A354
'R_A4_ROI',"6,41791479360818","0,518603048593265","5,64509205762229","6,23269175761479","5,83098476129985","7,04018963243212","6,1142071443306","6,94867281370174","7,16753891432318","2,3299838839419","13,3362433712121",A355
'R_STSva_ROI',"6,09727244621607","1,70268182531768","0,735094259281408","7,38921523480575","6,07835200470118","5,99517496944152","4,73951491373911","0,005280679058642","0,001249912816616","7,28276374824026","7,35642190790827",A356
'R_TE1m_ROI',"2,56003139435404","3,77235954633654","6,40829105827761","7,14839639789098","7,88098262286811","7,79666382923249","3,25971606098585","7,0435165371042","5,97311571532811","3,6709305657097","9,49896023129676",A357
'R_a32pr_ROI',"6,95306738890508","8,99362349447414","0,298868958382953","7,26080222978515","2,54963057346383","6,64406257109256","5,95590468452607","4,50029610016207","6,51475827561908","6,87924930255443","3,53879355161359",A359
